beta1,ReX3_knl0,ImX3_knl0,absX3_knl0,absX1_knl0,ReX3_knlON,ImX3_knlON,absX3_knlON,absX1_knlON
2.000000000000000042e-02,-2.550690422619912904e-04,-1.827067460100764354e-05,2.557225720792464445e-04,2.919482441842509712e-01,3.084442286321438086e-03,2.543938633233412032e-04,3.094915258184688205e-03,2.965688138695686815e-01
2.999999999999999889e-02,-3.808996055322324019e-04,-2.723093677687300047e-05,3.818717499532484180e-04,2.917678065393685682e-01,2.928874401928071702e-03,2.407893118488958696e-04,2.938755647373592593e-03,2.963653244374455098e-01
4.000000000000000083e-02,-5.056131403988270304e-04,-3.607751657350034537e-05,5.068986436617039983e-04,2.915881865789119454e-01,2.774793203660926456e-03,2.273956948469000163e-04,2.784095207624511653e-03,2.961629183274890331e-01
5.000000000000000278e-02,-6.292235442106416552e-04,-4.481262860220657309e-05,6.308172796232207249e-04,2.914093756153746662e-01,2.622178147103759478e-03,2.142089284434743569e-04,2.630913092478238090e-03,2.959615820217053606e-01
5.999999999999999778e-02,-7.517444728574469281e-04,-5.343844014941699400e-05,7.536414395170448191e-04,2.912313651092525157e-01,2.471009089758962989e-03,2.012250272723943838e-04,2.479188865994721904e-03,2.957613022695882443e-01
7.000000000000000666e-02,-8.731893462207141170e-04,-6.195707246659984922e-05,8.753846658366764774e-04,2.910541466656012544e-01,2.321266280740258078e-03,1.884401015176414933e-04,2.328902492154124194e-03,2.955620660809604727e-01
8.000000000000000167e-02,-9.935713534710681211e-04,-7.037060201887627043e-05,9.960602672864876488e-04,2.908777120306951236e-01,2.172930350797449683e-03,1.758503540618510102e-04,2.180034324601428600e-03,2.953638607190551268e-01
9.000000000000001055e-02,-1.112903458217993653e-03,-7.868106169364938994e-05,1.115681324027076099e-03,2.907020530887817755e-01,2.025982302660430962e-03,1.634520777362972641e-04,2.032565096721277321e-03,2.951666736938250990e-01
1.000000000000000056e-01,-1.231198403516414481e-03,-8.689044197090729034e-05,1.234260692774126738e-03,2.905271618589301275e-01,1.880403501689786178e-03,1.512416526681997970e-04,1.886475912029893318e-03,2.949704927554737122e-01
1.100000000000000006e-01,-1.348468716735080376e-03,-9.500069205671414615e-05,1.351811011755862631e-03,2.903530304919694771e-01,1.736175666822665402e-03,1.392155437211917287e-04,1.741748234872283075e-03,2.947753058881968924e-01
1.200000000000000094e-01,-1.464726714291270625e-03,-1.030137209809039778e-04,1.468344705533694951e-03,2.901796512675146045e-01,1.593280861802248791e-03,1.273702980253341155e-04,1.598363881412608479e-03,2.945811013041287341e-01
1.300000000000000044e-01,-1.579984506256482905e-03,-1.109313986607547703e-04,1.583873989690901245e-03,2.900070165910755837e-01,1.451701486680311622e-03,1.157025425927682666e-04,1.456305010906801256e-03,2.943878674374826310e-01
1.399999999999999856e-01,-1.694254000836949506e-03,-1.187555569313847689e-04,1.698410875393258123e-03,2.898351189912485859e-01,1.311420269582558524e-03,1.042089820156872758e-04,1.315554117246696972e-03,2.941955929388802016e-01
1.499999999999999944e-01,-1.807546908733424166e-03,-1.264879905444561345e-04,1.811967173826206949e-03,2.896639511169855630e-01,1.172420258726819455e-03,9.288639624334501155e-05,1.176094020765405378e-03,2.940042666698610696e-01
1.600000000000000033e-01,-1.919874747383934271e-03,-1.341304581361712166e-04,1.924554500512350944e-03,2.894935057349393714e-01,1.034684814684994720e-03,8.173163843472741467e-05,1.037907860294422745e-03,2.938138776975663946e-01
1.699999999999999845e-01,-2.031248845093364900e-03,-1.416846831656442477e-04,2.036184279513246227e-03,2.893237757268825039e-01,8.981976028792711293e-04,7.074163288410140074e-05,9.009790854626858591e-04,2.936244152895900461e-01
1.799999999999999933e-01,-2.141680345053655326e-03,-1.491523548248038680e-04,2.146867747519378214e-03,2.891547540871969302e-01,7.629425863046661272e-04,5.991337301632094337e-05,7.652914492292761488e-04,2.934358689089900940e-01
1.900000000000000022e-01,-2.251180209257650465e-03,-1.565351289206789195e-04,2.256615957831445678e-03,2.889864339204324395e-01,6.289040184690362044e-04,4.924391944939143610e-05,6.308290006406172936e-04,2.932482282094559523e-01
1.999999999999999833e-01,-2.359759222310588676e-03,-1.638346287311889826e-04,2.365439784237037286e-03,2.888188084389310406e-01,4.960664365432208194e-04,3.873039812149202160e-05,4.975760778045288865e-04,2.930614830306242924e-01
2.099999999999999922e-01,-2.467427995141924929e-03,-1.710524458353460055e-04,2.473349924785482688e-03,2.886518709605162547e-01,3.644146547134349671e-04,2.836999847989658135e-05,3.655173010729606607e-04,2.928756233935388975e-01
2.200000000000000011e-01,-2.574196968621024050e-03,-1.781901409186722389e-04,2.580356905464491375e-03,2.884856149062439701e-01,2.339337577288798831e-04,1.815997172962797670e-05,2.346375664261270003e-04,2.926906394962485725e-01
2.250000000000000056e-01,-2.627247247743028438e-03,-1.817294221621100058e-04,2.633524954059234327e-03,2.884027403849289684e-01,1.691278024743898443e-04,1.311050565913328357e-05,1.696351936611456709e-04,2.925984729342636093e-01
2.260000000000000064e-01,-2.637830729965866695e-03,-1.824349373470340386e-04,2.644131892761227877e-03,2.883861856583231353e-01,1.562011386563831865e-04,1.210501370587634388e-05,1.566694835453608570e-04,2.925800655001618011e-01
2.270000000000000073e-01,-2.648405377932331207e-03,-1.831396756834179854e-04,2.654729964924930092e-03,2.883696376427078989e-01,1.432859503047714735e-04,1.110098269587732423e-05,1.437153275456574421e-04,2.925616666700653901e-01
2.280000000000000082e-01,-2.658971201729021933e-03,-1.838436386680251987e-04,2.665319180717945144e-03,2.883530963317191831e-01,1.303822230657809746e-04,1.009841000766853699e-05,1.307727111298762047e-04,2.925432764345390901e-01
2.290000000000000091e-01,-2.669528211426524297e-03,-1.845468277948079656e-04,2.675899550291681826e-03,2.883365617190025709e-01,1.174899426110353139e-04,9.097293025485977237e-06,1.178416197917184352e-04,2.925248947841642688e-01
2.299999999999999822e-01,-2.680076417079353679e-03,-1.852492445547443899e-04,2.686471083781288068e-03,2.883200337982135819e-01,1.046090946374526604e-04,8.097629139298862146e-06,1.049220390506453495e-04,2.925065217095389469e-01
2.300000000000000100e-01,-2.680076417079352812e-03,-1.852492445547411373e-04,2.686471083781287201e-03,2.883200337982135819e-01,1.046090946374471717e-04,8.097629139303139662e-06,1.049220390506402131e-04,2.925065217095389469e-01
2.310000000000000109e-01,-2.690615828726029141e-03,-1.859508904359979595e-04,2.697033791305736804e-03,2.883035125630172280e-01,9.173966486730985898e-05,7.099415744754028406e-06,9.201395445193727277e-05,2.924881572012774100e-01
2.320000000000000118e-01,-2.701146456389081230e-03,-1.866517669239046442e-04,2.707587682967830742e-03,2.882869980070882909e-01,7.888163904808883915e-05,6.102650243207019998e-06,7.911735156654252864e-05,2.924698012500106525e-01
2.330000000000000127e-01,-2.711668310075114868e-03,-1.873518755008961344e-04,2.718132768854261347e-03,2.882704901241112116e-01,6.603500295242262219e-05,5.107330041625341791e-06,6.623221599101568042e-05,2.924514538463859892e-01
2.340000000000000135e-01,-2.722181399774805874e-03,-1.880512176465703956e-04,2.728669059035609707e-03,2.882539889077802009e-01,5.319974237806239509e-05,4.113452552735845815e-06,5.335853334749575898e-05,2.924331149810669994e-01
2.350000000000000144e-01,-2.732685735462990310e-03,-1.887497948376817749e-04,2.739196563566435871e-03,2.882374943517987953e-01,4.037584314780968015e-05,3.121015194749254125e-06,4.049628928361691092e-05,2.924147846447336940e-01
2.360000000000000153e-01,-2.743181327098653203e-03,-1.894476085481743943e-04,2.749715292485269309e-03,2.882210064498803570e-01,2.756329110948726825e-05,2.130015391652062871e-06,2.764546947250154097e-05,2.923964628280825151e-01
2.369999999999999885e-01,-2.753668184624887341e-03,-1.901446602491512242e-04,2.760225255814566410e-03,2.882045251957477405e-01,1.476207213584436470e-05,1.140450572939461376e-06,1.480605961264476829e-05,2.923781495218259474e-01
2.379999999999999893e-01,-2.764146317969130070e-03,-1.908409514088727280e-04,2.770726463560945537e-03,2.881880505831335149e-01,1.972172124475502313e-06,1.523181737187432892e-07,1.978045427841137693e-06,2.923598447166926850e-01
2.381542759999999981e-01,-2.765762066314444989e-03,-1.909483048000773509e-04,2.772345768941884836e-03,2.881855095367487074e-01,4.433821476536186102e-12,4.365269578786338772e-13,4.455258541403438760e-12,2.923570214809116941e-01
2.389999999999999902e-01,-2.774615737043010198e-03,-1.915364834928400472e-04,2.781218925715041746e-03,2.881715826057795748e-01,-1.080642300213489063e-05,-8.343843652930134088e-07,1.083858733277153105e-05,2.923415484034279088e-01
2.399999999999999911e-01,-2.785076451742429099e-03,-1.922312579637034682e-04,2.791702652251580076e-03,2.881551212574374743e-01,-2.357372729678258903e-05,-1.819659597885782372e-06,2.364385289489110271e-05,2.923232605727925093e-01
2.409999999999999920e-01,-2.795528471947646577e-03,-1.929252762813458511e-04,2.802177653129468791e-03,2.881386665318681484e-01,-3.632975478752012086e-05,-2.803510072243194632e-06,3.643776545901944246e-05,2.923049812155639193e-01
2.419999999999999929e-01,-2.805971807523238801e-03,-1.936185399028599160e-04,2.812643938291753843e-03,2.881222184228422467e-01,-4.907451947779613158e-05,-3.785938331045654506e-06,4.922033920060966408e-05,2.922867103225352814e-01
2.429999999999999938e-01,-2.816406468318196753e-03,-1.943110502825188071e-04,2.823101517665716886e-03,2.881057769241395783e-01,-6.180803534637859008e-05,-4.766946911453224107e-06,6.199158826998868064e-05,2.922684478845159473e-01
2.439999999999999947e-01,-2.826832464165888927e-03,-1.950028088718736160e-04,2.833550401162843613e-03,2.880893420295496110e-01,-7.453031634758620818e-05,-5.746538345156959047e-06,7.475152679259224433e-05,2.922501938923312559e-01
2.449999999999999956e-01,-2.837249804884182328e-03,-1.956938171196493802e-04,2.843990598678939122e-03,2.880729137328710832e-01,-8.724137641118820277e-05,-6.724715158322683447e-06,8.750016886886104596e-05,2.922319483368224780e-01
2.459999999999999964e-01,-2.847658500275370482e-03,-1.963840764718704709e-04,2.854422120094062421e-03,2.880564920279123919e-01,-9.994122944254506594e-05,-7.701479871621857935e-06,1.002375285743839245e-04,2.922137112088467603e-01
2.469999999999999973e-01,-2.858058560126294865e-03,-1.970735883717602774e-04,2.864844975272643098e-03,2.880400769084909274e-01,-1.126298893226747284e-04,-8.676835000361234559e-06,1.129636199599740731e-04,2.921954824992770705e-01
2.479999999999999982e-01,-2.868449994208312377e-03,-1.977623542597973410e-04,2.875259174063452255e-03,2.880236683684337939e-01,-1.253073699081916001e-04,-9.650783054324784340e-06,1.256784570515965735e-04,2.921772621990024743e-01
2.489999999999999991e-01,-2.878832812277383382e-03,-1.984503755737505653e-04,2.885664726299690987e-03,2.880072664015772554e-01,-1.379736850315452170e-04,-1.062332653793775147e-05,1.383820538506192941e-04,2.921590502989274696e-01
2.500000000000000000e-01,-2.889207024074043513e-03,-1.991376537486314838e-04,2.896061641798962187e-03,2.879908710017669016e-01,-1.506288485009143682e-04,-1.159446795014435528e-05,1.510744243336983167e-04,2.921408467899726524e-01
2.510000000000000009e-01,-2.899572639323492584e-03,-1.998241902167185188e-04,2.906449930363358587e-03,2.879744821628577589e-01,-1.632728741003549547e-04,-1.256420978452824346e-05,1.637555824529349972e-04,2.921226516630741621e-01
2.520000000000000018e-01,-2.909929667735596318e-03,-2.005099864075785302e-04,2.916829601779467093e-03,2.879580998787139579e-01,-1.759057755897932261e-04,-1.353255452933765227e-05,1.764255421358715606e-04,2.921044649091837919e-01
2.600000000000000089e-01,-2.992477929035653860e-03,-2.059698766101797016e-04,2.999557925067680361e-03,2.878272768438722151e-01,-2.765701628314262564e-04,-2.122931408208782145e-05,2.773837391502925916e-04,2.919592712257270684e-01
2.700000000000000178e-01,-3.094898808263293975e-03,-2.127293440407097011e-04,3.102201219651224903e-03,2.876643326892761587e-01,-4.014113231490327701e-04,-3.072666234071428113e-05,4.025856159015837031e-04,2.917785249016064952e-01
2.800000000000000266e-01,-3.196479153164817968e-03,-2.194174469981785601e-04,3.204001091239588091e-03,2.875020325344381789e-01,-5.251657467358668979e-04,-4.008892469395236287e-05,5.266936333655060452e-04,2.915985989923947641e-01
2.900000000000000355e-01,-3.297228307939608846e-03,-2.260355505607535627e-04,3.304966956687403670e-03,2.873403704648888057e-01,-6.478466205602705866e-04,-4.931846212390200246e-05,6.497211359326630431e-04,2.914194848225457601e-01
3.000000000000000444e-01,-3.397155472523266835e-03,-2.325849945626411815e-04,3.405108087005533427e-03,2.871793406534111082e-01,-7.694669063945801680e-04,-5.841758597620136547e-05,7.716812388465411508e-04,2.912411738627241342e-01
3.099999999999999978e-01,-3.496269705459350858e-03,-2.390670942118992479e-04,3.504433610278234138e-03,2.870189373582702763e-01,-8.900393457904634499e-04,-6.738855926709285456e-05,8.925868332970247074e-04,2.910636577264458236e-01
3.200000000000000067e-01,-3.594579926700581379e-03,-2.454831406905307934e-04,3.602952514508350398e-03,2.868591549214867253e-01,-1.009576464917138084e-03,-7.623359795000882958e-05,1.012450591372729023e-03,2.908869281668150508e-01
3.300000000000000155e-01,-3.692094920341331288e-03,-2.518344017379520292e-04,3.700673650392448909e-03,2.866999877671540520e-01,-1.128090579266462700e-03,-8.495487214281394141e-05,1.131284970876279741e-03,2.907109770733545262e-01
3.400000000000000244e-01,-3.788823337284000833e-03,-2.581221222180197280e-04,3.797605734028508453e-03,2.865414303997986245e-01,-1.245593798229675635e-03,-9.355450731738811001e-05,1.249102220007485735e-03,2.905357964689253003e-01
3.500000000000000333e-01,-3.884773697838785241e-03,-2.643475246693824388e-04,3.893757349555678100e-03,2.863834774027830266e-01,-1.362098029549996302e-03,-1.020345854527062585e-04,1.365914381918752673e-03,2.903613785067341579e-01
3.600000000000000422e-01,-3.979954394264558458e-03,-2.705118098424258389e-04,3.989136951734045637e-03,2.862261234367438067e-01,-1.477614983654894657e-03,-1.103971461529540177e-04,1.481733299146702470e-03,2.901877154674241677e-01
3.700000000000000511e-01,-4.074373693245102006e-03,-2.766161572194244188e-04,4.083752868458444436e-03,2.860693632380740259e-01,-1.592156177872162265e-03,-1.186441877316282549e-04,1.596570617924240269e-03,2.900147997562472768e-01
3.800000000000000044e-01,-4.168039738307999925e-03,-2.826617255214011726e-04,4.177613303213852623e-03,2.859131916174396659e-01,-1.705732940533563526e-03,-1.267776682631228805e-04,1.710437792377001885e-03,2.898426239003143445e-01
3.900000000000000133e-01,-4.260960552185596995e-03,-2.886496532008799758e-04,4.270726337471739652e-03,2.857576034583341196e-01,-1.818356414969526328e-03,-1.347995066026939936e-04,1.823346088607743750e-03,2.896711805459221689e-01
4.000000000000000222e-01,-4.353144039120406331e-03,-2.945810589210685220e-04,4.363099933029792807e-03,2.856025937156672634e-01,-1.930037563398420914e-03,-1.427115833761022638e-04,1.935306588672354921e-03,2.895004624559526230e-01
4.100000000000000311e-01,-4.444597987115960804e-03,-3.004570420222295139e-04,4.454741934296082249e-03,2.854481574143893918e-01,-2.040787170713852846e-03,-1.505157419399042807e-04,2.046330194451025444e-03,2.893304625073438996e-01
4.200000000000000400e-01,-4.535330070135117075e-03,-3.062786829752917159e-04,4.545660070519669076e-03,2.852942896481482915e-01,-2.150615848173010377e-03,-1.582137893133471430e-04,2.156427631417712210e-03,2.891611736886294803e-01
4.300000000000000488e-01,-4.625347850247206981e-03,-3.120470438233433129e-04,4.635861957969126569e-03,2.851409855779787894e-01,-2.259534036989439831e-03,-1.658074970830288118e-04,2.265609452311393660e-03,2.889925890975438283e-01
4.400000000000000022e-01,-4.714658779725235810e-03,-3.177631686113134286e-04,4.725355102060177677e-03,2.849882404310236095e-01,-2.367552011833008296e-03,-1.732986022810237259e-04,2.373886040711955039e-03,2.888247019386926961e-01
4.500000000000000111e-01,-4.803270203094819717e-03,-3.234280838041142091e-04,4.814146899434182565e-03,2.848360494992850378e-01,-2.474679884239987249e-03,-1.806888082375962914e-04,2.481267614523745800e-03,2.886575055212848295e-01
