omega,beta1,kappa,abs_X3,abs_X1,is_fold
1.588029432400434926e+00,2.748357681806959940e-01,1.714079201671278918e+00,1.686249620710837254e-25,2.803293632292084059e+00,0.000000000000000000e+00
1.584970896182666289e+00,2.748674231016404734e-01,1.704064466176731241e+00,8.113501265481196133e-25,2.795054223983613362e+00,0.000000000000000000e+00
1.581906015516925113e+00,2.748993324455371035e-01,1.694051507633934861e+00,8.373655639767387066e-26,2.786791927891790976e+00,0.000000000000000000e+00
1.578834789704359309e+00,2.749314987424623657e-01,1.684040493707662955e+00,2.251876197264657207e-25,2.778506679377158228e+00,0.000000000000000000e+00
1.575757218051476283e+00,2.749639245524785336e-01,1.674031593063711520e+00,1.089424719549184534e-25,2.770198413301598883e+00,0.000000000000000000e+00
1.572673299871149899e+00,2.749966124659662947e-01,1.664024975386575012e+00,3.364572674060032008e-25,2.761867064030451235e+00,0.000000000000000000e+00
1.569583034483586825e+00,2.750295651039557088e-01,1.654020811397303170e+00,3.287843209361390535e-25,2.753512565434748538e+00,0.000000000000000000e+00
1.566486421217248015e+00,2.750627851184572203e-01,1.644019272871524828e+00,6.540584099444337917e-25,2.745134850893574452e+00,0.000000000000000000e+00
1.563383459409725340e+00,2.750962751927984451e-01,1.634020532657641800e+00,2.433790560934406745e-25,2.736733853296511310e+00,0.000000000000000000e+00
1.560274148408568928e+00,2.751300380419599012e-01,1.624024764695211953e+00,2.979312465342092249e-25,2.728309505046230043e+00,0.000000000000000000e+00
1.557158487572054550e+00,2.751640764129086314e-01,1.614032144033483718e+00,1.074150252388874610e-24,2.719861738061196466e+00,0.000000000000000000e+00
1.554036476269905487e+00,2.751983930849402626e-01,1.604042846850143755e+00,2.302146548846876062e-26,2.711390483778504112e+00,0.000000000000000000e+00
1.550908113883935346e+00,2.752329908700074101e-01,1.594057050470203851e+00,8.809805910248460044e-26,2.702895673156858081e+00,0.000000000000000000e+00
1.547773399808649364e+00,2.752678726130684539e-01,1.584074933385112960e+00,2.702810133073190811e-25,2.694377236679659671e+00,0.000000000000000000e+00
1.544632333451750217e+00,2.753030411924139997e-01,1.574096675272010915e+00,3.350558476157232334e-25,2.685835104358284653e+00,0.000000000000000000e+00
1.541484914234594994e+00,2.753384995200131025e-01,1.564122457013204848e+00,4.239776780752478953e-25,2.677269205735460567e+00,0.000000000000000000e+00
1.538331141592552465e+00,2.753742505418441677e-01,1.554152460715795714e+00,1.186362780567532845e-25,2.668679469888827871e+00,0.000000000000000000e+00
1.535171014975292847e+00,2.754102972382329040e-01,1.544186869731530187e+00,3.396598358415591966e-25,2.660065825434656084e+00,0.000000000000000000e+00
1.532004533846982763e+00,2.754466426241902743e-01,1.534225868676814208e+00,4.665280216204047857e-25,2.651428200531698032e+00,0.000000000000000000e+00
1.528831697686383384e+00,2.754832897497402899e-01,1.524269643452929479e+00,1.673536594198826150e-25,2.642766522885259040e+00,0.000000000000000000e+00
1.525652505986857088e+00,2.755202417002597381e-01,1.514318381266442692e+00,9.451717778824752573e-26,2.634080719751382471e+00,0.000000000000000000e+00
1.522466958256263769e+00,2.755575015968038111e-01,1.504372270649809940e+00,3.894286147969542737e-25,2.625370717941271081e+00,0.000000000000000000e+00
1.519275054016747228e+00,2.755950725964386172e-01,1.494431501482172742e+00,4.244600262311353820e-25,2.616636443825850034e+00,0.000000000000000000e+00
1.516076792804398998e+00,2.756329578925617030e-01,1.484496265010351479e+00,1.761376770405240156e-25,2.607877823340560841e+00,0.000000000000000000e+00
1.512872174168812034e+00,2.756711607152333432e-01,1.474566753870053537e+00,4.964809876146161534e-26,2.599094781990317848e+00,0.000000000000000000e+00
1.509661197672479416e+00,2.757096843314889023e-01,1.464643162107247765e+00,5.059386536478319595e-25,2.590287244854696524e+00,0.000000000000000000e+00
1.506443862890078700e+00,2.757485320456613542e-01,1.454725685199783847e+00,3.493815479073826011e-25,2.581455136593320709e+00,0.000000000000000000e+00
1.503220169407587736e+00,2.757877071996904239e-01,1.444814520079175102e+00,2.117427148000394644e-25,2.572598381451474125e+00,0.000000000000000000e+00
1.499990116821258157e+00,2.758272131734311183e-01,1.434909865152610875e+00,3.742352858419053382e-26,2.563716903265936153e+00,0.000000000000000000e+00
1.496753704736424551e+00,2.758670533849613138e-01,1.425011920325172765e+00,4.153560925702964828e-26,2.554810625471047203e+00,0.000000000000000000e+00
1.493510932766124011e+00,2.759072312908699143e-01,1.415120887022232488e+00,2.003657279552938590e-25,2.545879471105032543e+00,0.000000000000000000e+00
1.490261800529561143e+00,2.759477503865621073e-01,1.405236968212100424e+00,4.596768501741339549e-25,2.536923362816537963e+00,0.000000000000000000e+00
1.487006307650349912e+00,2.759886142065331449e-01,1.395360368428842479e+00,1.876897202707032647e-25,2.527942222871474964e+00,0.000000000000000000e+00
1.483744453754570758e+00,2.760298263246501183e-01,1.385491293795324319e+00,2.194684519310798597e-25,2.518935973160088881e+00,0.000000000000000000e+00
1.480476238468610761e+00,2.760713903544282921e-01,1.375629952046476978e+00,1.739802450637000504e-25,2.509904535204309450e+00,0.000000000000000000e+00
1.477201661416770229e+00,2.761133099492846243e-01,1.365776552552754097e+00,4.671932808665634404e-25,2.500847830165411789e+00,0.000000000000000000e+00
1.473920722218639678e+00,2.761555888027993899e-01,1.355931306343818976e+00,4.198597384721217050e-25,2.491765778851927848e+00,0.000000000000000000e+00
1.470633420486217702e+00,2.761982306489559891e-01,1.346094426132430133e+00,4.007480912967823954e-25,2.482658301727887817e+00,0.000000000000000000e+00
1.467339755820770142e+00,2.762412392623745383e-01,1.336266126338557347e+00,3.759337052716460606e-25,2.473525318921376837e+00,0.000000000000000000e+00
1.464039727809408609e+00,2.762846184585373011e-01,1.326446623113702872e+00,3.630515558494334155e-25,2.464366750233384806e+00,0.000000000000000000e+00
1.460733336021371676e+00,2.763283720939950783e-01,1.316636134365434252e+00,9.799052437741372571e-25,2.455182515147021238e+00,0.000000000000000000e+00
1.457420580004002542e+00,2.763725040665661048e-01,1.306834879782146519e+00,7.044771865841360363e-25,2.445972532837055624e+00,0.000000000000000000e+00
1.454101459278402730e+00,2.764170183155235661e-01,1.297043080858036435e+00,3.659852720453754674e-25,2.436736722179806414e+00,0.000000000000000000e+00
1.450775973334738955e+00,2.764619188217642409e-01,1.287260960918290564e+00,1.318844451100404368e-25,2.427475001763405693e+00,0.000000000000000000e+00
1.447444121627185387e+00,2.765072096079569941e-01,1.277488745144486071e+00,2.909133127348850506e-25,2.418187289898448000e+00,0.000000000000000000e+00
1.444105903568500882e+00,2.765528947386857173e-01,1.267726660600226207e+00,9.958449423422951298e-26,2.408873504629013063e+00,0.000000000000000000e+00
1.440761318524193868e+00,2.765989783205661801e-01,1.257974936256976761e+00,2.291338217320557456e-25,2.399533563744098430e+00,0.000000000000000000e+00
1.437410365806278678e+00,2.766454645023492254e-01,1.248233803020132093e+00,8.585027772151625980e-26,2.390167384789462446e+00,0.000000000000000000e+00
1.434053044666580234e+00,2.766923574749980408e-01,1.238503493755290341e+00,4.763754032882812882e-25,2.380774885079907310e+00,0.000000000000000000e+00
1.430689354289585102e+00,2.767396614717498315e-01,1.228784243314755331e+00,4.948548673679930532e-25,2.371355981711992911e+00,0.000000000000000000e+00
1.427319293784797605e+00,2.767873807681512921e-01,1.219076288564249655e+00,2.823811489420843801e-25,2.361910591577214724e+00,0.000000000000000000e+00
1.423942862178588120e+00,2.768355196820738162e-01,1.209379868409845793e+00,3.529405280672834895e-25,2.352438631375644018e+00,0.000000000000000000e+00
1.420560058405496262e+00,2.768840825736944566e-01,1.199695223825117285e+00,1.584333128276605230e-25,2.342940017630080973e+00,0.000000000000000000e+00
1.417170881298976726e+00,2.769330738454656160e-01,1.190022597878505062e+00,5.179010063894851863e-25,2.333414666700665663e+00,0.000000000000000000e+00
1.413775329581537843e+00,2.769824979420376643e-01,1.180362235760896272e+00,4.480576652622882674e-25,2.323862494800061462e+00,0.000000000000000000e+00
1.410373401854266406e+00,2.770323593501679005e-01,1.170714384813425601e+00,5.106307829073698133e-25,2.314283418009132287e+00,0.000000000000000000e+00
1.406965096585682362e+00,2.770826625985837732e-01,1.161079294555481090e+00,1.625271559696944589e-25,2.304677352293206027e+00,0.000000000000000000e+00
1.403550412099908495e+00,2.771334122578220649e-01,1.151457216712925113e+00,3.092652224867090103e-25,2.295044213518882881e+00,0.000000000000000000e+00
1.400129346564116917e+00,2.771846129400304948e-01,1.141848405246540077e+00,3.625246238573756969e-25,2.285383917471457860e+00,0.000000000000000000e+00
1.396701897975200612e+00,2.772362692987265231e-01,1.132253116380664615e+00,2.375813446114756345e-25,2.275696379872941044e+00,0.000000000000000000e+00
1.393268064145650298e+00,2.772883860285201285e-01,1.122671608632048734e+00,2.572037658195271508e-25,2.265981516400718654e+00,0.000000000000000000e+00
1.389827842688589499e+00,2.773409678647992815e-01,1.113104142838925004e+00,1.651307435432226082e-25,2.256239242706850501e+00,0.000000000000000000e+00
1.386381231001912351e+00,2.773940195833575761e-01,1.103550982190264929e+00,2.434306446997036348e-25,2.246469474438067770e+00,0.000000000000000000e+00
1.382928226251501913e+00,2.774475459999907745e-01,1.094012392255260036e+00,1.849655208623733686e-25,2.236672127256439158e+00,0.000000000000000000e+00
1.379468825353462824e+00,2.775015519700329558e-01,1.084488641012993027e+00,4.000107538794149792e-25,2.226847116860775966e+00,0.000000000000000000e+00
1.376003024955327447e+00,2.775560423878464245e-01,1.074979998882314325e+00,3.238341574451957217e-25,2.216994359008773063e+00,0.000000000000000000e+00
1.372530821416178437e+00,2.776110221862514438e-01,1.065486738751910245e+00,1.430503794154766942e-25,2.207113769539927439e+00,0.000000000000000000e+00
1.369052210785641099e+00,2.776664963359061211e-01,1.056009136010576110e+00,2.853128965392967151e-25,2.197205264399236579e+00,0.000000000000000000e+00
1.365567188781676045e+00,2.777224698446171258e-01,1.046547468577671225e+00,2.793556629634917116e-25,2.187268759661735285e+00,0.000000000000000000e+00
1.362075750767121951e+00,2.777789477565917875e-01,1.037102016933773463e+00,8.581700172428591567e-25,2.177304171557879364e+00,0.000000000000000000e+00
1.358577891724918718e+00,2.778359351516209719e-01,1.027673064151516158e+00,1.606198097319669949e-25,2.167311416499800636e+00,0.000000000000000000e+00
1.355073606231945060e+00,2.778934371441901807e-01,1.018260895926605736e+00,7.858559311230442846e-25,2.157290411108482964e+00,0.000000000000000000e+00
1.351562888431402820e+00,2.779514588825189869e-01,1.008865800609032082e+00,6.076375917839190604e-25,2.147241072241872661e+00,0.000000000000000000e+00
1.348045732003667840e+00,2.780100055475164811e-01,9.994880692344408901e-01,3.424234687859768145e-25,2.137163317023968112e+00,0.000000000000000000e+00
1.344522130135539006e+00,2.780690823516610566e-01,9.901279955556967494e-01,2.255805131764264180e-25,2.127057062874916582e+00,0.000000000000000000e+00
1.340992075487790869e+00,2.781286945377871023e-01,9.807858760746023252e-01,2.367842480010177518e-25,2.116922227542151536e+00,0.000000000000000000e+00
1.337455560160956125e+00,2.781888473777854309e-01,9.714620100737956232e-01,1.718417707680454173e-25,2.106758729132613972e+00,0.000000000000000000e+00
1.333912575659236710e+00,2.782495461712017337e-01,9.621566996488020163e-01,7.609743046794879067e-26,2.096566486146099972e+00,0.000000000000000000e+00
1.330363112852456231e+00,2.783107962437416094e-01,9.528702497402536942e-01,3.156825784937567279e-25,2.086345417509752664e+00,0.000000000000000000e+00
1.326807161935945611e+00,2.783726029456614071e-01,9.436029681662535529e-01,9.248712646710153719e-26,2.076095442613769659e+00,0.000000000000000000e+00
1.323244712388263578e+00,2.784349716500548744e-01,9.343551656549021756e-01,1.548916879701863705e-25,2.065816481348348610e+00,0.000000000000000000e+00
1.319675752926634082e+00,2.784979077510175705e-01,9.251271558769602610e-01,2.474277443571130282e-25,2.055508454141923291e+00,0.000000000000000000e+00
1.316100271459986537e+00,2.785614166616914855e-01,9.159192554786603768e-01,2.313597278565939455e-25,2.045171282000737722e+00,0.000000000000000000e+00
1.312518255039473392e+00,2.786255038121761007e-01,9.067317841146496082e-01,4.335423830448366524e-25,2.034804886549813396e+00,0.000000000000000000e+00
1.308929689806338503e+00,2.786901746473102737e-01,8.975650644810733159e-01,2.255909897087799245e-25,2.024409190075345144e+00,0.000000000000000000e+00
1.305334560936991961e+00,2.787554346243038550e-01,8.884194223487761333e-01,2.095781210009820576e-25,2.013984115568599353e+00,0.000000000000000000e+00
1.301732852585155698e+00,2.788212892102266416e-01,8.792951865966381897e-01,4.540807401839497785e-25,2.003529586771356286e+00,0.000000000000000000e+00
1.298124547820918018e+00,2.788877438793339048e-01,8.701926892450173590e-01,3.429573093074415496e-25,1.993045528222964657e+00,0.000000000000000000e+00
1.294509628566544057e+00,2.789548041102307141e-01,8.611122654893152983e-01,4.259909154209279159e-25,1.982531865309065111e+00,0.000000000000000000e+00
1.290888075528867418e+00,2.790224753828613458e-01,8.520542537336458500e-01,1.348368082592279319e-24,1.971988524312049629e+00,0.000000000000000000e+00
1.287259868128087126e+00,2.790907631753161700e-01,8.430189956246104677e-01,4.237537743733201198e-25,1.961415432463326614e+00,0.000000000000000000e+00
1.283624984422781168e+00,2.791596729604486349e-01,8.340068360851731200e-01,4.616787200748215239e-25,1.950812517997459139e+00,0.000000000000000000e+00
1.279983401030932555e+00,2.792292102022880806e-01,8.250181233486244547e-01,9.503643323324078952e-25,1.940179710208254527e+00,0.000000000000000000e+00
1.276335093046769176e+00,2.792993803522478280e-01,8.160532089926464394e-01,1.371358573438385382e-25,1.929516939506879858e+00,0.000000000000000000e+00
1.272680033953180745e+00,2.793701888451031179e-01,8.071124479734497204e-01,1.619307814257247547e-25,1.918824137482095127e+00,0.000000000000000000e+00
1.269018195529493909e+00,2.794416410947461737e-01,7.981961986600050185e-01,5.524575494185786711e-25,1.908101236962676639e+00,0.000000000000000000e+00
1.265349547754346160e+00,2.795137424896884104e-01,7.893048228683431367e-01,3.151780778424008560e-25,1.897348172082136575e+00,0.000000000000000000e+00
1.261674058703404988e+00,2.795864983883115662e-01,7.804386858959322382e-01,5.517258004831005416e-25,1.886564878345824647e+00,0.000000000000000000e+00
1.257991694441655151e+00,2.796599141138498834e-01,7.715981565561282896e-01,9.368909733766805860e-25,1.875751292700515327e+00,0.000000000000000000e+00
1.254302418909960082e+00,2.797339949490849076e-01,7.627836072126897848e-01,3.651139801831407794e-25,1.864907353606596763e+00,0.000000000000000000e+00
1.250606193805591682e+00,2.798087461307484092e-01,7.539954138143588613e-01,3.713027932121173703e-25,1.854033001112955548e+00,0.000000000000000000e+00
1.246902978456402744e+00,2.798841728436097798e-01,7.452339559295070304e-01,2.818783277403632314e-25,1.843128176934697215e+00,0.000000000000000000e+00
1.243192729688298748e+00,2.799602802142389657e-01,7.364996167808445238e-01,5.323202704273529908e-25,1.832192824533810827e+00,0.000000000000000000e+00
1.239475401685642630e+00,2.800370733044232341e-01,7.277927832801897035e-01,6.468170556556116131e-25,1.821226889202921084e+00,0.000000000000000000e+00
1.235750945844207749e+00,2.801145571042221172e-01,7.191138460633011986e-01,2.353235868626574158e-25,1.810230318152265205e+00,0.000000000000000000e+00
1.232019310616273122e+00,2.801927365246444923e-01,7.104631995247758791e-01,1.576596189381654559e-25,1.799203060600043091e+00,0.000000000000000000e+00
1.228280441347430196e+00,2.802716163899256485e-01,7.018412418530121100e-01,4.510172928399502778e-25,1.788145067866297566e+00,0.000000000000000000e+00
1.224534280104638384e+00,2.803512014293831900e-01,6.932483750652413956e-01,6.665006751729722910e-26,1.777056293470497428e+00,0.000000000000000000e+00
1.220780765495053988e+00,2.804314962688353452e-01,6.846850050426376288e-01,3.364413396306815095e-25,1.765936693232990518e+00,0.000000000000000000e+00
1.217019832475112251e+00,2.805125054215519831e-01,6.761515415655047212e-01,3.038178893323271741e-25,1.754786225380528863e+00,0.000000000000000000e+00
1.213251412149326081e+00,2.805942332787214610e-01,6.676483983485542728e-01,2.934766386846288644e-25,1.743604850656051974e+00,0.000000000000000000e+00
1.209475431558218794e+00,2.806766840994021073e-01,6.591759930762838282e-01,3.215727522103703867e-25,1.732392532432955434e+00,0.000000000000000000e+00
1.205691813454788264e+00,2.807598619999366329e-01,6.507347474384631569e-01,1.980787949809684264e-25,1.721149236834058405e+00,0.000000000000000000e+00
1.201900476068848089e+00,2.808437709427967777e-01,6.423250871657476546e-01,2.487393678615440434e-25,1.709874932855525165e+00,0.000000000000000000e+00
1.198101332858563683e+00,2.809284147248321539e-01,6.339474420654311881e-01,4.582261711641312329e-25,1.698569592495985825e+00,0.000000000000000000e+00
1.194294292248453626e+00,2.810137969648899281e-01,6.256022460573628097e-01,2.009800423467516915e-25,1.687233190891141765e+00,0.000000000000000000e+00
1.190479257353081355e+00,2.810999210907714763e-01,6.172899372100441040e-01,1.729485853804602580e-25,1.675865706454145121e+00,0.000000000000000000e+00
1.186656125685619401e+00,2.811867903254930412e-01,6.090109577769379223e-01,4.566556986015574455e-25,1.664467121022065399e+00,0.000000000000000000e+00
1.182824788850410425e+00,2.812744076728088682e-01,6.007657542330149258e-01,3.590265529267916057e-25,1.653037420008784730e+00,0.000000000000000000e+00
1.178985132218600906e+00,2.813627759019619035e-01,5.925547773115732442e-01,6.395549744405276394e-26,1.641576592564676806e+00,0.000000000000000000e+00
1.175137034585864049e+00,2.814518975316147031e-01,5.843784820413688852e-01,9.675589228525347418e-26,1.630084631743458523e+00,0.000000000000000000e+00
1.171280367811164069e+00,2.815417748129209752e-01,5.762373277841005281e-01,8.678790872096567969e-26,1.618561534676627334e+00,0.000000000000000000e+00
1.167414996435448105e+00,2.816324097116844061e-01,5.681317782722972165e-01,3.060390803135145295e-25,1.607007302755931732e+00,0.000000000000000000e+00
1.163540777279087779e+00,2.817238038895588659e-01,5.600623016476635740e-01,4.354161867264949193e-25,1.595421941824346934e+00,0.000000000000000000e+00
1.159657559016805228e+00,2.818159586842323150e-01,5.520293704999453821e-01,2.132787798445643744e-25,1.583805462376076889e+00,0.000000000000000000e+00
1.155765181728749535e+00,2.819088750885380690e-01,5.440334619063816879e-01,2.479239955887200608e-25,1.572157879766129751e+00,0.000000000000000000e+00
1.151863476426296717e+00,2.820025537284333028e-01,5.360750574718242678e-01,9.899688880071426750e-26,1.560479214430066763e+00,0.000000000000000000e+00
1.147952264551050927e+00,2.820969948397741289e-01,5.281546433696059362e-01,4.643971713371866332e-25,1.548769492114565161e+00,0.000000000000000000e+00
1.144031357445440600e+00,2.821921982438237997e-01,5.202727103832580635e-01,3.826966534990753112e-25,1.537028744119490531e+00,0.000000000000000000e+00
1.140100555793174042e+00,2.822881633214107122e-01,5.124297539491776687e-01,1.374992881253766605e-25,1.525257007552223376e+00,0.000000000000000000e+00
1.136159649027732366e+00,2.823848889856633848e-01,5.046262742003700952e-01,3.518021665549883179e-25,1.513454325595056771e+00,0.000000000000000000e+00
1.132208414706935118e+00,2.824823736532280360e-01,4.968627760113897840e-01,4.626696083673701315e-25,1.501620747786532872e+00,0.000000000000000000e+00
1.128246617851499156e+00,2.825806152138831129e-01,4.891397690446325774e-01,4.657547547428755295e-25,1.489756330317674848e+00,0.000000000000000000e+00
1.124274010245363664e+00,2.826796109984436867e-01,4.814577677981348169e-01,2.826621057581343736e-25,1.477861136344136073e+00,0.000000000000000000e+00
1.120290329695414977e+00,2.827793577448546314e-01,4.738172916550627001e-01,1.915520339376256014e-25,1.465935236315385914e+00,0.000000000000000000e+00
1.116295299248075246e+00,2.828798515623464072e-01,4.662188649350823555e-01,5.111821293324540516e-25,1.453978708322143154e+00,0.000000000000000000e+00
1.112288626360067756e+00,2.829810878935460905e-01,4.586630169478409513e-01,1.514632006679085595e-25,1.441991638463365533e+00,0.000000000000000000e+00
1.108270002020463663e+00,2.830830614743839457e-01,4.511502820487863774e-01,2.035270612154258064e-25,1.429974121234239615e+00,0.000000000000000000e+00
1.104239099820952807e+00,2.831857662916707485e-01,4.436811996976041117e-01,5.753798622421680896e-25,1.417926259936713507e+00,0.000000000000000000e+00
1.100195574971048362e+00,2.832891955381767191e-01,4.362563145195610392e-01,3.025967228456837160e-25,1.405848167114277958e+00,0.000000000000000000e+00
1.096139063254726320e+00,2.833933415650377596e-01,4.288761763700814633e-01,3.465629298660166587e-25,1.393739965012840587e+00,0.000000000000000000e+00
1.092069179924764821e+00,2.834981958313118611e-01,4.215413404029196842e-01,1.903221684062966713e-25,1.381601786069712956e+00,0.000000000000000000e+00
1.087985518530787177e+00,2.836037488504693505e-01,4.142523671423207765e-01,1.196338928560252837e-25,1.369433773432910950e+00,0.000000000000000000e+00
1.083887649676757103e+00,2.837099901336131991e-01,4.070098225596163743e-01,3.751650149482267528e-25,1.357236081513175430e+00,0.000000000000000000e+00
1.079775119703369590e+00,2.838169081291652684e-01,3.998142781547298630e-01,8.049655724245223013e-25,1.345008876571350154e+00,0.000000000000000000e+00
1.075647449290491497e+00,2.839244901587776870e-01,3.926663110431369841e-01,1.878252647797716127e-25,1.332752337343989790e+00,0.000000000000000000e+00
1.071504131974468921e+00,2.840327223491622144e-01,3.855665040488635009e-01,2.519747633381150358e-25,1.320466655710365256e+00,0.000000000000000000e+00
1.067344632574779295e+00,2.841415895595410523e-01,3.785154458041802839e-01,7.507303764724093651e-26,1.308152037404313406e+00,0.000000000000000000e+00
1.063168385524129400e+00,2.842510753043515637e-01,3.715137308567090790e-01,3.331061853099698466e-25,1.295808702774740029e+00,0.000000000000000000e+00
1.058974793095723843e+00,2.843611616708444645e-01,3.645619597847404303e-01,2.117778834855394167e-25,1.283436887598929932e+00,0.000000000000000000e+00
1.054763223521002713e+00,2.844718292311472774e-01,3.576607393216404418e-01,4.892842300995584846e-25,1.271036843953250228e+00,0.000000000000000000e+00
1.050533008990720774e+00,2.845830569483298045e-01,3.508106824903164944e-01,4.230713644909133204e-25,1.258608841146277246e+00,0.000000000000000000e+00
1.046283443531785373e+00,2.846948220759824566e-01,3.440124087488196092e-01,1.480058097654886241e-25,1.246153166719876859e+00,0.000000000000000000e+00
1.042013780751777974e+00,2.848071000507250705e-01,3.372665441482656234e-01,3.612279801355135172e-25,1.233670127524340687e+00,0.000000000000000000e+00
1.037723231442599925e+00,2.849198643770405881e-01,3.305737215043887400e-01,2.969149833662517045e-25,1.221160050874284142e+00,0.000000000000000000e+00
1.033410961034147757e+00,2.850330865037505323e-01,3.239345805841790660e-01,1.902799872111136355e-25,1.208623285792704172e+00,0.000000000000000000e+00
1.029076086888392361e+00,2.851467356913581219e-01,3.173497683092064703e-01,1.078624809944590720e-25,1.196060204351357736e+00,0.000000000000000000e+00
1.024717675423687302e+00,2.852607788694345170e-01,3.108199389774087273e-01,1.402368778947453860e-25,1.183471203116452486e+00,0.000000000000000000e+00
1.020334739058559093e+00,2.853751804831012873e-01,3.043457545053069868e-01,1.252961639446376981e-25,1.170856704709591689e+00,0.000000000000000000e+00
1.015926232963673126e+00,2.854899023275599967e-01,2.979278846928232194e-01,8.684914862087276048e-26,1.158217159494935311e+00,0.000000000000000000e+00
1.011491051610112102e+00,2.856049033695234329e-01,2.915670075131079342e-01,1.518329223458535478e-25,1.145553047404694436e+00,0.000000000000000000e+00
1.007028025101549540e+00,2.857201395542367517e-01,2.852638094300442573e-01,1.550107091408678744e-25,1.132864879916345213e+00,0.000000000000000000e+00
1.002535915277385170e+00,2.858355635966410846e-01,2.790189857463806766e-01,9.262047175932064449e-26,1.120153202196358055e+00,0.000000000000000000e+00
9.980134115734429212e-01,2.859511247550791113e-01,2.728332409857639473e-01,2.661375729337045217e-26,1.107418595426785224e+00,0.000000000000000000e+00
9.934591266264143350e-01,2.860667685856884690e-01,2.667072893122943711e-01,2.157050317289079311e-25,1.094661679332785909e+00,0.000000000000000000e+00
9.888715916079262591e-01,2.861824366754959215e-01,2.606418549916187377e-01,3.485874682828197030e-25,1.081883114931048606e+00,0.000000000000000000e+00
9.842492512739142718e-01,2.862980663518904234e-01,2.546376728980068727e-01,2.756657191291729927e-25,1.069083607521182255e+00,0.000000000000000000e+00
9.795904587149653064e-01,2.864135903659312810e-01,2.486954890723377387e-01,1.297775395760919287e-27,1.056263909944431756e+00,0.000000000000000000e+00
9.748934697934807936e-01,2.865289365466000548e-01,2.428160613364511167e-01,1.184138051219948797e-25,1.043424826136618799e+00,0.000000000000000000e+00
9.701564372539834835e-01,2.866440274227454732e-01,2.370001599699060046e-01,1.717341048453921294e-25,1.030567215004955406e+00,0.000000000000000000e+00
9.653774044937056820e-01,2.867587798090692752e-01,2.312485684558311105e-01,3.443613819709420525e-25,1.017691994661410027e+00,0.000000000000000000e+00
9.605542989818615096e-01,2.868731043520121315e-01,2.255620843032689060e-01,2.193507840123847903e-25,1.004800147048564574e+00,0.000000000000000000e+00
9.556849253178156811e-01,2.869869050308913594e-01,2.199415199541910892e-01,2.149123804237431656e-25,9.918927229974454640e-01,0.000000000000000000e+00
9.507669579208576360e-01,2.871000786090245338e-01,2.143877037842255029e-01,3.822191610882539953e-25,9.789708477605993941e-01,0.000000000000000000e+00
9.457979333476308481e-01,2.872125140288842582e-01,2.089014812070737193e-01,2.960408224597274454e-25,9.660357270677164543e-01,0.000000000000000000e+00
9.407752422376397528e-01,2.873240917445712417e-01,2.034837158936194657e-01,9.674084311943836801e-26,9.530886537553548976e-01,0.000000000000000000e+00
9.356961208928952223e-01,2.874346829839867778e-01,1.981352911178446974e-01,1.528912824450444729e-25,9.401310150267246923e-01,0.000000000000000000e+00
9.305576425049292277e-01,2.875441489320804123e-01,1.928571112428814627e-01,1.685518583586950323e-26,9.271643004019853862e-01,0.000000000000000000e+00
9.253567080514314425e-01,2.876523398254767216e-01,1.876501033618033776e-01,1.199683416703547884e-25,9.141901104239926745e-01,0.000000000000000000e+00
9.200900368960075459e-01,2.877590939473965159e-01,1.825152191091842790e-01,5.985504757915491603e-26,9.012101661887066406e-01,0.000000000000000000e+00
9.147541571384655290e-01,2.878642365104501222e-01,1.774534366608964131e-01,4.381649192827793662e-26,8.882263197733903937e-01,0.000000000000000000e+00
9.093453957801034271e-01,2.879675784131812133e-01,1.724657629412008064e-01,1.609206596511888360e-25,8.752405656389263822e-01,0.000000000000000000e+00
9.038598687892676065e-01,2.880689148544561262e-01,1.675532360577987878e-01,1.791945071394157188e-26,8.622550530847342687e-01,0.000000000000000000e+00
8.982934711776108250e-01,2.881680237877282114e-01,1.627169279872026919e-01,9.936224625519390201e-26,8.492720998353325834e-01,0.000000000000000000e+00
8.926418672277206534e-01,2.882646641949554445e-01,1.579579475344990713e-01,8.454915438682041293e-26,8.362942068359334735e-01,0.000000000000000000e+00
8.869004810488362311e-01,2.883585741574781203e-01,1.532774435932819923e-01,2.215889724008470725e-25,8.233240743297451925e-01,0.000000000000000000e+00
8.810644876800661773e-01,2.884494686983768985e-01,1.486766087332545561e-01,9.375875283175032472e-26,8.103646192808117155e-01,0.000000000000000000e+00
8.751288050105726635e-01,2.885370373679226885e-01,1.441566831446078611e-01,5.578669018051239039e-26,7.974189941919711533e-01,0.000000000000000000e+00
8.690880868443631169e-01,2.886209415406285617e-01,1.397189589697919454e-01,1.114156121468276231e-25,7.844906073462259988e-01,0.000000000000000000e+00
8.629367175041768867e-01,2.887008113890304206e-01,1.353647850547357034e-01,2.566675734355524077e-25,7.715831444695171459e-01,0.000000000000000000e+00
8.566688084447056095e-01,2.887762424961767271e-01,1.310955721527106155e-01,7.836424730694253515e-26,7.587005917713515180e-01,0.000000000000000000e+00
8.502781974299445933e-01,2.888467920655249377e-01,1.269127986151165899e-01,5.519782168291452870e-26,7.458472602641519345e-01,0.000000000000000000e+00
8.437584509219159257e-01,2.889119746842210290e-01,1.228180166042848048e-01,3.757013632906700826e-26,7.330278111896534332e-01,0.000000000000000000e+00
8.371028704265981446e-01,2.889712575935433070e-01,1.188128588642120426e-01,7.849323243957365350e-26,7.202472822877977743e-01,0.000000000000000000e+00
8.303045036444084426e-01,2.890240554195381839e-01,1.148990460858495127e-01,6.809249579353029627e-26,7.075111145271099078e-01,0.000000000000000000e+00
8.233561613722161221e-01,2.890697243178987907e-01,1.110783949046144914e-01,2.872547722141310676e-25,6.948251787722264927e-01,0.000000000000000000e+00
8.162504411944938587e-01,2.891075554909895429e-01,1.073528265694966982e-01,1.583998260477816075e-25,6.821958016915921075e-01,0.000000000000000000e+00
8.089797590728654564e-01,2.891367680436842114e-01,1.037243763254181161e-01,1.096585075855754206e-25,6.696297900054205554e-01,0.000000000000000000e+00
8.015363899832732564e-01,2.891565011592094891e-01,1.001952035546327668e-01,1.118732300988289485e-25,6.571344519415761587e-01,0.000000000000000000e+00
7.939125187415885243e-01,2.891658056005880217e-01,9.676760272831838594e-02,6.556268586808456057e-26,6.447176145101302103e-01,0.000000000000000000e+00
7.861003020821850651e-01,2.891636345805774222e-01,9.344401522669090743e-02,1.878978648939994119e-26,6.323876349353145798e-01,0.000000000000000000e+00
7.780919428871044818e-01,2.891488340994530781e-01,9.022704209337720216e-02,2.577307104263293597e-26,6.201534043131254892e-01,0.000000000000000000e+00
7.698797771820818925e-01,2.891201329328437764e-01,8.711945779485695540e-02,1.805777705182255752e-25,6.080243413187629287e-01,0.000000000000000000e+00
7.614563740965918370e-01,2.890761325725985098e-01,8.412422505156545716e-02,1.884269388174556208e-25,5.960103736060086144e-01,0.000000000000000000e+00
7.528146484095308288e-01,2.890152975969359495e-01,8.124451078190939035e-02,1.553560828740258381e-25,5.841219044669155869e-01,0.000000000000000000e+00
7.439479845600567298e-01,2.889359471933546364e-01,7.848370313182635727e-02,7.652552503262990887e-26,5.723697624126824479e-01,0.000000000000000000e+00
7.348503700984994058e-01,2.888362489075564365e-01,7.584542941431751673e-02,1.371683179460361100e-25,5.607651316619128856e-01,0.000000000000000000e+00
7.255165355080902545e-01,2.887142161829292508e-01,7.333357449744631884e-02,9.645334885322209012e-26,5.493194621515949949e-01,0.000000000000000000e+00
7.159420961893805391e-01,2.885677119396828916e-01,7.095229866614846670e-02,5.510329984698036268e-26,5.380443586868829398e-01,0.000000000000000000e+00
7.061236912318810122e-01,2.883944613861714190e-01,6.870605311171443241e-02,6.989814622666445992e-26,5.269514502717219662e-01,0.000000000000000000e+00
6.960591124816494224e-01,2.881920785376725358e-01,6.659958978665012075e-02,7.759424896227642804e-26,5.160522425409426184e-01,0.000000000000000000e+00
6.857474164281174289e-01,2.879581126289142423e-01,6.463796015063025258e-02,1.180514924246592809e-25,5.053579585329651680e-01,0.000000000000000000e+00
6.751890106330779018e-01,2.876901228271617206e-01,6.282649400727095823e-02,1.342362735471516061e-26,4.948793757354575940e-01,0.000000000000000000e+00
6.643857058127651261e-01,2.873857924225465266e-01,6.117074482116904854e-02,1.578280692712269199e-26,4.846266702768728951e-01,0.000000000000000000e+00
6.533407241943981481e-01,2.870430969186809067e-01,5.967638124846030845e-02,1.921227677085358291e-26,4.746092821249101035e-01,0.000000000000000000e+00
6.420586542782433792e-01,2.866605438620054014e-01,5.834899589621251464e-02,3.594164512224474999e-27,4.648358179030891435e-01,0.000000000000000000e+00
6.305453415456301336e-01,2.862375050946358579e-01,5.719379174769555207e-02,1.352605031852203417e-25,4.553140100540224999e-01,0.000000000000000000e+00
6.188077040979222954e-01,2.857746629320238041e-01,5.621509536313735317e-02,1.317740373687763378e-25,4.460507520115856162e-01,0.000000000000000000e+00
6.068534624680881340e-01,2.852745880226332797e-01,5.541563666892462825e-02,8.624722987879485443e-26,4.370522280259757641e-01,0.000000000000000000e+00
5.946907759912386515e-01,2.847424544210996333e-01,5.479553338246795358e-02,2.911284870176982400e-26,4.283241522534317891e-01,0.000000000000000000e+00
5.823277883348549899e-01,2.841868713906804955e-01,5.435093318301668225e-02,8.662258924652557189e-26,4.198721232655638902e-01,0.000000000000000000e+00
5.697721088595143479e-01,2.836207657329467557e-01,5.407231220578351261e-02,2.838945417547250856e-26,4.117020854473042446e-01,0.000000000000000000e+00
5.570303028019371050e-01,2.830621787913598641e-01,5.394252067421428931e-02,1.477721693364307715e-24,4.038208655742020481e-01,0.000000000000000000e+00
5.441075374383181895e-01,2.825347506342814619e-01,5.393481919245908529e-02,5.284960462231503125e-26,3.962367183802791848e-01,1.000000000000000000e+00
5.310076271377649482e-01,2.820675655905634516e-01,5.401136148187317410e-02,3.767200048566394345e-24,3.889597664317443471e-01,0.000000000000000000e+00
5.177338110897217183e-01,2.816939663766400703e-01,5.412281514755978851e-02,2.509953540667621060e-29,3.820021591300891695e-01,0.000000000000000000e+00
5.042906577466638174e-01,2.814489769574604616e-01,5.420997388917526277e-02,3.868698477434512638e-28,3.753777270549006895e-01,1.000000000000000000e+00
4.906876421177067127e-01,2.813651962727437561e-01,5.420812940133640928e-02,3.925883570076491725e-27,3.691009675982709903e-01,0.000000000000000000e+00
4.769460961156099521e-01,2.814674619518143239e-01,5.405448235603910884e-02,5.309670942182604822e-26,3.631856819555199789e-01,0.000000000000000000e+00
4.633953532483635063e-01,2.817589796062106577e-01,5.370764241071587786e-02,2.555363721184822484e-26,3.577529557235305524e-01,0.000000000000000000e+00
4.537539204917164226e-01,2.820784875955245630e-01,5.332718189333127828e-02,9.417248345599521167e-27,3.541124820557987607e-01,0.000000000000000000e+00
4.470001410966348843e-01,2.823542651032903139e-01,5.299241670413288446e-02,5.697938416178658337e-26,3.516623789516664100e-01,0.000000000000000000e+00
4.344833097613365336e-01,2.829656711630180732e-01,5.223800743814874248e-02,4.461256058888304103e-24,3.472973564680333358e-01,0.000000000000000000e+00
4.265338465378928356e-01,2.833968154040632514e-01,5.174805999461599276e-02,6.717634220736764758e-25,3.446293253867603879e-01,0.000000000000000000e+00
4.223668435189309456e-01,2.835967687146238037e-01,5.162542457540012647e-02,1.934678356456911185e-25,3.433755838193987553e-01,1.000000000000000000e+00
4.197348540078177370e-01,2.836816298400302028e-01,5.168992371098739269e-02,5.538952728073582732e-26,3.428071126940369084e-01,0.000000000000000000e+00
4.177084883064833831e-01,2.837237136783177793e-01,5.179442902777716545e-02,5.711966676403376639e-26,3.425673220093846116e-01,0.000000000000000000e+00
4.158685757760313684e-01,2.837719649141857148e-01,5.182523467149634244e-02,2.419341314001043487e-26,3.424190914339863556e-01,1.000000000000000000e+00
4.139698192251933251e-01,2.838610954388255392e-01,5.170805237951951044e-02,2.665569622465811121e-26,3.421670219416148573e-01,0.000000000000000000e+00
4.124161393098997874e-01,2.839635621637863760e-01,5.151733944440385626e-02,2.285119206156409396e-27,3.418328665250145448e-01,0.000000000000000000e+00
4.110968649094811078e-01,2.840627409547100690e-01,5.132329366706403495e-02,7.415799741802515394e-28,3.414778427026350371e-01,0.000000000000000000e+00
4.071983448008615891e-01,2.843710094239097486e-01,5.074088038671289991e-02,3.467548836846665020e-24,3.402721989416207515e-01,0.000000000000000000e+00
3.998110754558533153e-01,2.849282070158937752e-01,4.980167336117229115e-02,7.439099684189379850e-24,3.380011278384960627e-01,0.000000000000000000e+00
3.876563929312054624e-01,2.857928832599370139e-01,4.845482785068100373e-02,7.662154372248474854e-25,3.346244387654200847e-01,0.000000000000000000e+00
3.737146968041728523e-01,2.867511652004686162e-01,4.696131120047524615e-02,1.386634847895813686e-26,3.311078936255115179e-01,0.000000000000000000e+00
3.593569482504508916e-01,2.876939719428610043e-01,4.544055661340688779e-02,9.383468030661348963e-24,3.277629525740889394e-01,0.000000000000000000e+00
3.448545034740859161e-01,2.885778242333032484e-01,4.394572331392698761e-02,0.000000000000000000e+00,3.246121703202427544e-01,0.000000000000000000e+00
3.302709067644254426e-01,2.893682411126783927e-01,4.252224604964820881e-02,0.000000000000000000e+00,3.216386310132364201e-01,0.000000000000000000e+00
3.156251047394201814e-01,2.900171576848551425e-01,4.122701197863670730e-02,9.114292739397713527e-28,3.188173159383719257e-01,0.000000000000000000e+00
3.012166690509646694e-01,2.904126920505846199e-01,4.018930798491646833e-02,6.989483576789840432e-28,3.161604007832502505e-01,0.000000000000000000e+00
2.908957845353134508e-01,2.903914587939241398e-01,3.974600318040730218e-02,2.067782305867725865e-23,3.142780901137028904e-01,1.000000000000000000e+00
2.835291082184046019e-01,2.900279210636906302e-01,3.977546310541955205e-02,1.426038000187286801e-26,3.128860374621820206e-01,0.000000000000000000e+00
2.685271119673277029e-01,2.858211520854110343e-01,4.338130871938773725e-02,4.363211473139545147e-26,3.091406821907533020e-01,0.000000000000000000e+00
2.623186877560648722e-01,2.765656606554119934e-01,5.299405084625552487e-02,7.820283674856236457e-27,3.053056309705485805e-01,0.000000000000000000e+00
2.603567103818041906e-01,2.670049951744367100e-01,6.371045261601181176e-02,8.822050824684035999e-28,3.019743551860408215e-01,0.000000000000000000e+00
2.596482239997365826e-01,2.576632289648560503e-01,7.480548463943532955e-02,1.322764254412379058e-25,2.988442529657934776e-01,0.000000000000000000e+00
2.595033750360328240e-01,2.506665310568206295e-01,8.351685153756485680e-02,7.809967790411149074e-26,2.965207775010200719e-01,0.000000000000000000e+00
2.595309102454696482e-01,2.457675506958037215e-01,8.982817538885905229e-02,2.505618949020354535e-26,2.948941174215500283e-01,0.000000000000000000e+00
2.595998054915018560e-01,2.423190147597203969e-01,9.437944356198126050e-02,1.788458371618274754e-26,2.937468146697030935e-01,0.000000000000000000e+00
2.596694185837226110e-01,2.398818015252896785e-01,9.765181034693179440e-02,3.384898792418785896e-27,2.929341686779998732e-01,0.000000000000000000e+00
2.597280970367746300e-01,2.381542763447577205e-01,1.000000000000000056e-01,1.338057809697558266e-17,2.923570214800639833e-01,0.000000000000000000e+00
2.597933752976210875e-01,2.364379146687205224e-01,1.023570946814642418e-01,1.199487069471618237e-26,2.917825241513012924e-01,0.000000000000000000e+00
2.598944770610946975e-01,2.340538612662128315e-01,1.056718757337204162e-01,3.890732675467281253e-26,2.909824976148951969e-01,0.000000000000000000e+00
2.600516630020103248e-01,2.307534839458830200e-01,1.103414483814874752e-01,1.889831094195625663e-26,2.898703712322132642e-01,0.000000000000000000e+00
2.602925867984769992e-01,2.262074529632184805e-01,1.169352108787217598e-01,9.272065754955629108e-26,2.883274959880659516e-01,0.000000000000000000e+00
2.606356490142601734e-01,2.199962679294195922e-01,1.262786325218451522e-01,1.288514709956656240e-24,2.861895668518328884e-01,0.000000000000000000e+00
2.608545057568757430e-01,2.122461716921864860e-01,1.386685880505409696e-01,4.298901897431019147e-25,2.834037495703977672e-01,0.000000000000000000e+00
2.607792408011231911e-01,2.113314754552065022e-01,1.402451470001798983e-01,9.888734209210990783e-25,2.830409121360858982e-01,0.000000000000000000e+00
2.606335358506581823e-01,2.107260086390203568e-01,1.413579270050620562e-01,3.647409011440520759e-27,2.827722382572327442e-01,0.000000000000000000e+00
2.605005800258423654e-01,2.105481406748061224e-01,1.417446551380190101e-01,2.784325094112860357e-26,2.826670615865379821e-01,0.000000000000000000e+00
2.603844092653326281e-01,2.105269521445320147e-01,1.418558789434946621e-01,5.046275882650720147e-26,2.826254865482003553e-01,1.000000000000000000e+00
2.601242950891662908e-01,2.107297789279224398e-01,1.416806904715826876e-01,1.252631800394750383e-23,2.826264679193856155e-01,0.000000000000000000e+00
2.599974203212377377e-01,2.109090604371882394e-01,1.414588962948220285e-01,3.778312556319561134e-25,2.826571996804203013e-01,0.000000000000000000e+00
2.598528724346064744e-01,2.111572277872574288e-01,1.411318062792344674e-01,2.359310637109043562e-25,2.827087625368418511e-01,0.000000000000000000e+00
2.596803551767269957e-01,2.115011186105191510e-01,1.406608649113468279e-01,3.697504972884812452e-26,2.827882838210881711e-01,0.000000000000000000e+00
2.594684942411176753e-01,2.119785167037931406e-01,1.399900502639157274e-01,4.475331473209908829e-26,2.829066918722865087e-01,0.000000000000000000e+00
2.592029944193744440e-01,2.126425060561126235e-01,1.390401544217603758e-01,1.963177410236965452e-25,2.830798039546373324e-01,0.000000000000000000e+00
2.588649553972799389e-01,2.135677946665794080e-01,1.377001189598690833e-01,8.981243282374377437e-26,2.833301779697637302e-01,0.000000000000000000e+00
2.584287634401399303e-01,2.148598588516684726e-01,1.358148672831780146e-01,1.304882719211156448e-25,2.836898532486122892e-01,0.000000000000000000e+00
2.578591487594801834e-01,2.166682740351493497e-01,1.331685842511170226e-01,1.194989917190552400e-25,2.842043240237742685e-01,0.000000000000000000e+00
2.571068416882442698e-01,2.192064000695904402e-01,1.294620910197055996e-01,1.277423617561120742e-25,2.849382996189570583e-01,0.000000000000000000e+00
2.561017544533248924e-01,2.227809192256044457e-01,1.242828333032065524e-01,2.492440741706404783e-25,2.859840874584668180e-01,0.000000000000000000e+00
2.547411283998977649e-01,2.278369553638028011e-01,1.170663371573133632e-01,3.878956544536214764e-25,2.874737840320603088e-01,0.000000000000000000e+00
2.528648778895984939e-01,2.350280935904245916e-01,1.070496071916428871e-01,4.100903407863551383e-26,2.895965749194620020e-01,0.000000000000000000e+00
2.506262132755606165e-01,2.436551395183206015e-01,9.542410656260005841e-02,4.024565287807758169e-25,2.921320642906602982e-01,0.000000000000000000e+00
2.482562335607689241e-01,2.524667656260604076e-01,8.397637144955764910e-02,8.828988970236695541e-25,2.946930626567292877e-01,0.000000000000000000e+00
2.455990717189555916e-01,2.614442327239944741e-01,7.272682219022642836e-02,7.257431175053232254e-25,2.972511241598891352e-01,0.000000000000000000e+00
2.423274974530758574e-01,2.705341140217430995e-01,6.171730697065869881e-02,1.150111419693053087e-27,2.997460803598491208e-01,0.000000000000000000e+00
2.375546315973801892e-01,2.795453614932599251e-01,5.110496848098004807e-02,2.713674849877451226e-27,3.020033949127434725e-01,0.000000000000000000e+00
2.284691177779090143e-01,2.874495148675899059e-01,4.186514267948836937e-02,3.075730173944092323e-26,3.033443721783494196e-01,0.000000000000000000e+00
2.138954032649064974e-01,2.909750889141350938e-01,3.744924275560781307e-02,7.700826076347262182e-29,3.026491808229175295e-01,1.000000000000000000e+00
2.062482313734788908e-01,2.883846122119039790e-01,4.016597237712030144e-02,1.599002271313940977e-28,3.008989155046348785e-01,0.000000000000000000e+00
2.052152151150644088e-01,2.874199905353500561e-01,4.126240814206083574e-02,2.200781754548970757e-27,3.004600082675034090e-01,0.000000000000000000e+00
2.040510625212165197e-01,2.870133169667136719e-01,4.173201511850196249e-02,9.473116099140296423e-27,3.001840506986466206e-01,1.000000000000000000e+00
2.034594954606910033e-01,2.871986441427266668e-01,4.151939692064184756e-02,1.333376795482990030e-24,3.001716849075599103e-01,0.000000000000000000e+00
2.028214838802386288e-01,2.876159559082576700e-01,4.103736789989651662e-02,7.330485146442431764e-27,3.002300279080820644e-01,0.000000000000000000e+00
2.020599303786755896e-01,2.882717276613019353e-01,4.027746898640039569e-02,7.346634994398550208e-28,3.003524022199134391e-01,0.000000000000000000e+00
2.010317477239485506e-01,2.892093870696583191e-01,3.918753553840543385e-02,6.437137483115411231e-26,3.005368957989007495e-01,0.000000000000000000e+00
1.994342857183509232e-01,2.904512714899283865e-01,3.773526321257957700e-02,9.259300510507926322e-26,3.007575259984350269e-01,0.000000000000000000e+00
1.966000235680099850e-01,2.918244536514475462e-01,3.610041458556931260e-02,1.662764531719257046e-26,3.008862009057216569e-01,0.000000000000000000e+00
1.918890267288353157e-01,2.928550917723856117e-01,3.480652687998796180e-02,5.582036248806807995e-25,3.007055732892348621e-01,0.000000000000000000e+00
1.850457841426933203e-01,2.934334420466418458e-01,3.397853979886562847e-02,5.896316480572637680e-27,3.001680925161319125e-01,0.000000000000000000e+00
1.754064918191626521e-01,2.935471399087363209e-01,3.364085582251735707e-02,2.922297575498866667e-26,2.992264614359563257e-01,0.000000000000000000e+00
1.616472675505701839e-01,2.945239011590282674e-01,3.222830088088177863e-02,4.742934070338625841e-25,2.982504639594311668e-01,0.000000000000000000e+00
1.467007490561017535e-01,2.947185638395086738e-01,3.172753199795826096e-02,5.319549944570197322e-25,2.970338951001219585e-01,0.000000000000000000e+00
1.315661124185703579e-01,2.951926910930041670e-01,3.092666486298534592e-02,3.465295889976436778e-29,2.960266726704149920e-01,0.000000000000000000e+00
1.166060672380368618e-01,2.954228372831286809e-01,3.044162429053268865e-02,7.121692612122720638e-25,2.950832568108797127e-01,0.000000000000000000e+00
1.016362268905637439e-01,2.956036917041391932e-01,3.004202239154559612e-02,9.026668846798954349e-25,2.942505820857692633e-01,0.000000000000000000e+00
8.665837065523104843e-02,2.957490286853184380e-01,2.971101255794911591e-02,1.994760547427167136e-25,2.935317621565240453e-01,0.000000000000000000e+00
7.167393149105238948e-02,2.958649234790853289e-01,2.944094522597153624e-02,4.748375229865143012e-27,2.929274998598448421e-01,0.000000000000000000e+00
5.668419104008737969e-02,2.959551554740601498e-01,2.922695129169219919e-02,5.737464844834201526e-26,2.924379258861383168e-01,0.000000000000000000e+00
