f,epsilon,Q1,Q2,omega_star,beta1_star,absX1,absX3,A5_over_X1,A7_over_X1,linewidths,alpha_pole,arg_xi_lo,im_eta3,im_eta5,beta1_src1,beta1_src13,beta1_src135,aug_residual,floquet_radius,det_J,cond_J
1.000000000000000000e+00,1.000000000000000000e+00,3.333330000000000126e+01,3.125000000000000000e+01,2.597280970367724651e-01,2.381542763447584699e-01,2.923570214800636502e-01,2.005709714693069045e-31,2.869438560395092506e-04,1.173112899202759838e-05,1.304037778357452770e-01,1.985550569939634191e-02,4.395119434159117794e-03,-1.193054784099454018e-03,-3.258544647803920686e-03,2.311198236673302486e-01,2.389011057445974417e-01,2.381541835857351463e-01,2.033509949677332809e-16,6.944024618648036995e-01,-3.271460612340185489e-05,5.051877126718659738e+00
1.250000000000000000e+00,8.000000000000000444e-01,4.166662500000000335e+01,3.906250000000000000e+01,2.603806203639669747e-01,2.379735918253017002e-01,2.924604690663071271e-01,6.542920257071694084e-18,2.944872811563015971e-04,1.169956378278315977e-05,3.684019930211731575e-01,1.588441349631009025e-02,3.541412496322179828e-03,-9.631327170038629735e-04,-2.622982408702861316e-03,2.310391501221514821e-01,2.388445513313516011e-01,2.379734687859099140e-01,1.510345567793727564e-16,nan,nan,nan
1.562500000000000000e+00,6.400000000000000133e-01,5.208328124999999886e+01,4.882812500000000000e+01,2.607561871366133044e-01,2.378683725723428066e-01,2.925203936977239239e-01,3.484417796196581327e-31,2.986908167958919917e-04,1.168182720217282681e-05,6.082755803465342836e-01,1.270753537211072315e-02,2.844939960849690065e-03,-7.745670559617199441e-04,-2.105911191260466039e-03,2.309918510211931841e-01,2.388113868953760655e-01,2.378682317765872245e-01,2.779053829785455636e-16,nan,nan,nan
1.953125000000000000e+00,5.120000000000000107e-01,6.510410156250000568e+01,6.103515625000000000e+01,2.609832150476747437e-01,2.378043269334555176e-01,2.925567546879870306e-01,5.784861452435492814e-31,3.011867016413480487e-04,1.167125693266242255e-05,8.720043567182641508e-01,1.016603063993187610e-02,2.281707334333283720e-03,-6.216348184921269716e-04,-1.688394277196705222e-03,2.309629467325348129e-01,2.387911178654824884e-01,2.378041752851480783e-01,2.128481306831119453e-16,nan,nan,nan
2.000000000000000000e+00,5.000000000000000000e-01,6.666660000000000252e+01,6.250000000000000000e+01,2.610015003282483148e-01,2.377991539807813581e-01,2.925596877756865832e-01,1.297030682001441049e-27,3.013863032254493111e-04,1.167041052280606022e-05,9.021416074876651425e-01,9.927764485180762266e-03,2.228683928725419018e-03,-6.072216408925395787e-04,-1.649111674547666618e-03,2.309606083988930969e-01,2.387894780379033743e-01,2.377990014544431874e-01,3.961937001120003110e-16,8.340514295640260034e-01,-2.251919916083063844e-05,7.540745543038948284e+00
2.500000000000000000e+00,4.000000000000000222e-01,8.333325000000000671e+01,7.812500000000000000e+01,2.611351912924182450e-01,2.377612660398493727e-01,2.925811531691238643e-01,2.521803763173005776e-31,3.028393820796496626e-04,1.166424439690786999e-05,1.211841660482027461e+00,7.942212704951157054e-03,1.785608482278902738e-03,-4.866940903111237858e-04,-1.320983621568662175e-03,2.309434649043167476e-01,2.387774552764216074e-01,2.377611070758946232e-01,2.442648617499291223e-16,nan,nan,nan
3.125000000000000000e+00,3.200000000000000067e-01,1.041665624999999977e+02,9.765625000000000000e+01,2.612191381878312679e-01,2.377374156159109964e-01,2.925946500478798784e-01,3.909681153411203533e-33,3.037462252479714540e-04,1.166039260599337182e-05,1.580862628993171537e+00,6.353770735748075216e-03,1.429827417946956825e-03,-3.898172756043770328e-04,-1.057640214819104661e-03,2.309326577996452523e-01,2.387698759052400144e-01,2.377372525934181025e-01,1.813572299159195152e-16,nan,nan,nan
3.906250000000000000e+00,2.560000000000000053e-01,1.302082031250000114e+02,1.220703125000000000e+02,2.612722336591157823e-01,2.377223065360516696e-01,2.926031940025015654e-01,1.435221520370291755e-18,3.043176124762026423e-04,1.165796435045240335e-05,2.028306477515553929e+00,5.083016881347060534e-03,1.144541482122434428e-03,-3.120880618219416336e-04,-8.465446537533855920e-04,2.309258054764475321e-01,2.387650700170845519e-01,2.377221409400753771e-01,1.587456042876018968e-16,nan,nan,nan
4.000000000000000000e+00,2.500000000000000000e-01,1.333332000000000050e+02,1.250000000000000000e+02,2.612765850344584417e-01,2.377210674651147049e-01,2.926038944639752781e-01,6.139452170757275172e-18,3.043643655688757369e-04,1.165776561881213012e-05,2.081368858272356182e+00,4.963883696735199580e-03,1.117770717724304386e-03,-3.047922607716319543e-04,-8.267384001553751286e-04,2.309252433191170406e-01,2.387646757425333777e-01,2.377209016580081602e-01,1.520637312520043905e-16,9.133515946822867715e-01,-1.196635203688940617e-05,1.437244243983442438e+01
5.000000000000000000e+00,2.000000000000000111e-01,1.666665000000000134e+02,1.562500000000000000e+02,2.613087334573879206e-01,2.377119092023909641e-01,2.926090707309624284e-01,3.740473290536580735e-31,3.047094357559617631e-04,1.165629864948138256e-05,2.642188891127550399e+00,3.971107096979772932e-03,8.945384134105759067e-04,-2.439447660889292263e-04,-6.615955298201323847e-04,2.309210872989707342e-01,2.387617608555114013e-01,2.377117418343750455e-01,2.147570032282003221e-16,nan,nan,nan
6.250000000000000000e+00,1.600000000000000033e-01,2.083331249999999955e+02,1.953125000000000000e+02,2.613292169564423451e-01,2.377060704147518078e-01,2.926123698980425125e-01,8.764933913212577566e-19,3.049289813111343396e-04,1.165536514052616882e-05,3.334974370905150920e+00,3.176885749054302044e-03,7.157948912672903964e-04,-1.952124143514225041e-04,-5.293808862367902022e-04,2.309184367524395320e-01,2.387599018351098390e-01,2.377059020512286014e-01,1.093423123854688677e-16,nan,nan,nan
7.812500000000000000e+00,1.280000000000000027e-01,2.604164062500000227e+02,2.441406250000000000e+02,2.613422893440732753e-01,2.377023427011377976e-01,2.926144758398248613e-01,2.175904782084462367e-27,3.050689647563286180e-04,1.165476986178970537e-05,4.194435675028753252e+00,2.541508635836117747e-03,5.727197620152622674e-04,-1.561988438271679413e-04,-4.235580640991376588e-04,2.309167441703265100e-01,2.387587146964914031e-01,2.377021737018955305e-01,1.528004638379578216e-16,nan,nan,nan
9.765625000000000000e+00,1.024000000000000049e-01,3.255205078125000000e+02,3.051757812500000000e+02,2.613506406049220798e-01,2.376999606687973388e-01,2.926158213958054422e-01,2.935985300883510067e-19,3.051583405093511109e-04,1.165438976458176202e-05,5.263581709536874875e+00,2.033206927404263703e-03,4.582186748570653409e-04,-1.249738561909007951e-04,-3.388737269305059220e-04,2.309156624496049581e-01,2.387579559988588229e-01,2.376997912632660137e-01,1.741800020061015107e-16,nan,nan,nan
1.000000000000000000e+01,1.000000000000000056e-01,3.333330000000000268e+02,3.125000000000000000e+02,2.613513278656494077e-01,2.376997646206694681e-01,2.926159321335916053e-01,1.797113359066294226e-17,3.051656938064321563e-04,1.165435849156979742e-05,5.391638319108051469e+00,1.985553641549956533e-03,4.474826199535644191e-04,-1.220459694872308258e-04,-3.309335662157760318e-04,2.309155734156588813e-01,2.387578935520856538e-01,2.376995951816965602e-01,2.195681760954211469e-16,9.644055680345822168e-01,-4.864416665112755501e-06,3.549708592974738508e+01
1.250000000000000000e+01,8.000000000000000167e-02,4.166662499999999909e+02,3.906250000000000000e+02,2.613564187305897346e-01,2.376983123021608191e-01,2.926167524503859307e-01,1.672346087871262370e-32,3.052201545691221856e-04,1.165412686940176287e-05,6.755572563124829344e+00,1.588442922173756433e-03,3.580065141921683503e-04,-9.764381655241086524e-05,-2.647598451546390804e-04,2.309149138302226956e-01,2.387574309304414666e-01,2.376981426154512467e-01,1.722504490316219445e-16,nan,nan,nan
1.562500000000000000e+01,6.400000000000000133e-02,5.208328125000000455e+02,4.882812500000000000e+02,2.613596746029018258e-01,2.376973833791097002e-01,2.926172771129744721e-01,1.950947527259019001e-27,3.052549771300236241e-04,1.165397876458606398e-05,8.457276459214151387e+00,1.270754342312944291e-03,2.864156592952840446e-04,-7.811865613407728668e-05,-2.118145241306503685e-04,2.309144919274196961e-01,2.387571350147200677e-01,2.376972135339336656e-01,1.306938508613631947e-16,nan,nan,nan
1.953125000000000000e+01,5.120000000000000245e-02,6.510410156250000000e+02,6.103515625000000000e+02,2.613617574283742528e-01,2.376967890976305897e-01,2.926176127579401265e-01,2.775908526656123910e-18,3.052772503558825209e-04,1.165388403222900046e-05,1.058183959034444221e+01,1.016603476191920569e-03,2.291378747568607768e-04,-6.249676890760468007e-05,-1.694550217835492445e-04,2.309142220044367033e-01,2.387569456949502067e-01,2.376966191510717918e-01,2.617595220707760233e-16,nan,nan,nan
2.000000000000000000e+01,5.000000000000000278e-02,6.666660000000000537e+02,6.250000000000000000e+02,2.613619289307849147e-01,2.376967401625011966e-01,2.926176403957490013e-01,8.988945997745547107e-18,3.052790842460928922e-04,1.165387623216869984e-05,1.083666748952374981e+01,9.927768324075082751e-04,2.237678858150885582e-04,-6.103214916968408628e-05,-1.654836933131377909e-04,2.309141997777407751e-01,2.387569301054859039e-01,2.376965702075936049e-01,1.502564867045350633e-16,9.820422541088186241e-01,-2.437749669149922335e-06,7.087418833476098712e+01
2.500000000000000000e+01,4.000000000000000083e-02,8.333324999999999818e+02,7.812500000000000000e+02,2.613631997927327588e-01,2.376963775387027078e-01,2.926178451984538520e-01,7.717608446833735672e-18,3.052926731621657432e-04,1.165381843503784054e-05,1.355383502025983233e+01,7.942214670424493222e-04,1.790168577851972511e-04,-4.882659839903746428e-05,-1.323885766456813667e-04,2.309140350698533073e-01,2.387568145818566023e-01,2.376962075219305470e-01,3.028452524042155696e-16,nan,nan,nan
3.125000000000000000e+01,3.200000000000000067e-02,1.041665625000000091e+03,9.765625000000000000e+02,2.613640130022373831e-01,2.376961454943763152e-01,2.926179762509904525e-01,1.229713013359408563e-17,3.053013680592332204e-04,1.165378145337181832e-05,1.694869318341805098e+01,6.353771742060327493e-04,1.432147911914128020e-04,-3.906172873494478834e-05,-1.059116916576366104e-04,2.309139296712529321e-01,2.387567406568344708e-01,2.376959754380172374e-01,1.281726764000015377e-16,nan,nan,nan
3.906250000000000000e+01,2.560000000000000123e-02,1.302082031250000000e+03,1.220703125000000000e+03,2.613645333982970165e-01,2.376959970003201805e-01,2.926180601159618644e-01,1.184230330801665905e-17,3.053069319651327595e-04,1.165375778821644561e-05,2.119098543499715603e+01,5.083017396573831503e-04,1.145725010313448445e-04,-3.124961337470542959e-05,-8.472977841571705145e-05,2.309138622220440473e-01,2.387566933489441157e-01,2.376958269186266737e-01,1.471131238495874207e-16,nan,nan,nan
4.000000000000000000e+01,2.500000000000000139e-02,1.333332000000000107e+03,1.250000000000000000e+03,2.613645762543810869e-01,2.376959847713219498e-01,2.926180670225037028e-01,7.298075604428080166e-18,3.053073901628556869e-04,1.165375583942128425e-05,2.170000076333644046e+01,4.963884176577074148e-04,1.118872617674550644e-04,-3.051721908976257012e-05,-8.274395842228901891e-05,2.309138566673541448e-01,2.387566894529648542e-01,2.376958146875424449e-01,1.262540923073591150e-16,9.909805420637767259e-01,-1.219567076500037790e-06,1.416886935237718319e+02
5.000000000000000000e+01,2.000000000000000042e-02,1.666664999999999964e+03,1.562500000000000000e+03,2.613648938543755018e-01,2.376958941437888606e-01,2.926181182059588437e-01,8.164618828954769341e-18,3.053107857524436767e-04,1.165374139673732751e-05,2.712899982916852082e+01,3.971107342657237416e-04,8.951012795765974218e-05,-2.441388512173614688e-05,-6.619536942225519587e-05,2.309138155021193684e-01,2.387566605802652620e-01,2.376957240445471409e-01,1.132330167827194872e-16,nan,nan,nan
6.250000000000000000e+01,1.600000000000000033e-02,2.083331250000000182e+03,1.953125000000000000e+03,2.613650971093539610e-01,2.376958361443292644e-01,2.926181509620257026e-01,7.810180388137406404e-18,3.053129588089547783e-04,1.165373215425703498e-05,3.391444874452612623e+01,3.176885874840301716e-04,7.160826545436851139e-05,-1.953116433860511557e-05,-5.295639931136306773e-05,2.309137891572871915e-01,2.387566421023773755e-01,2.376956660351924877e-01,1.164955354226977153e-16,nan,nan,nan
7.812500000000000000e+01,1.280000000000000061e-02,2.604164062500000000e+03,2.441406250000000000e+03,2.613652271889867484e-01,2.376957990255778586e-01,2.926181719253785340e-01,1.822165678239396121e-18,3.053143495110895015e-04,1.165372623911266545e-05,4.239562002716733247e+01,2.541508700240127649e-04,5.728669586275068838e-05,-1.562496026570591183e-05,-4.236517257859347699e-05,2.309137722969549500e-01,2.387566302767821780e-01,2.376956289101082309e-01,1.151347746355981662e-16,nan,nan,nan
9.765625000000000000e+01,1.024000000000000084e-02,3.255205078125000000e+03,3.051757812500000000e+03,2.613653104384929260e-01,2.376957752699463966e-01,2.926181853417068046e-01,6.741076981350284303e-19,3.053152395384130442e-04,1.165372245344297953e-05,5.299657227533138126e+01,2.033206960378938777e-04,4.582939944118777229e-05,-1.249998295523727751e-05,-3.389216526430352398e-05,2.309137615064902338e-01,2.387566227085051451e-01,2.376956051504238165e-01,1.583130250701886037e-16,nan,nan,nan
1.000000000000000000e+02,1.000000000000000021e-02,3.333329999999999927e+03,3.125000000000000000e+03,2.613653172945235581e-01,2.376957733135126039e-01,2.926181864466130267e-01,6.107171055192959498e-18,3.053153128399997414e-04,1.165372214184009371e-05,5.426866265737853467e+01,1.985553672259332547e-04,4.475527633003938388e-05,-1.220701579044087649e-05,-3.309781982964119797e-05,2.309137606178364999e-01,2.387566220852150034e-01,2.376956031936560965e-01,1.154290920483471795e-16,9.963824177749207589e-01,-4.879043356460781626e-07,3.541800207679635264e+02
1.250000000000000000e+02,8.000000000000000167e-03,4.166662500000000364e+03,3.906250000000000000e+03,2.613653681050095989e-01,2.376957588143369104e-01,2.926181946351443242e-01,4.335661139743909580e-18,3.053158560720834608e-04,1.165371983207136238e-05,6.783742769811810547e+01,1.588442937898310037e-04,3.580424144894279402e-05,-9.765619662283008640e-06,-2.647826883759700636e-05,2.309137540319634307e-01,2.387566174659732088e-01,2.376955886920072425e-01,9.208769413099987838e-17,nan,nan,nan
1.562500000000000000e+02,6.400000000000000307e-03,5.208328125000000000e+03,4.882812500000000000e+03,2.613654006237871585e-01,2.376957495349566740e-01,2.926181998758137781e-01,5.736869314140804811e-18,3.053162037278625714e-04,1.165371835316755740e-05,8.479806412636364144e+01,1.270754350365388419e-04,2.864340359625721762e-05,-7.812499329022715470e-06,-2.118262171032561094e-05,2.309137498169943070e-01,2.387566145096551573e-01,2.376955794110436615e-01,1.643719715152200522e-16,nan,nan,nan
1.953125000000000000e+02,5.120000000000000419e-03,6.510410156250000000e+03,6.103515625000000000e+03,2.613654214360158212e-01,2.376957435962143705e-01,2.926182032298732527e-01,2.701694715191726105e-30,3.053164262163384022e-04,1.165371740602211238e-05,1.059986037714422622e+02,1.016603480314959285e-04,2.291472822085679294e-05,-6.250001305981140554e-06,-1.694610076631466498e-05,2.309137471193888069e-01,2.387566126175980352e-01,2.376955734712869195e-01,1.780480724942438358e-16,nan,nan,nan
2.000000000000000000e+02,5.000000000000000104e-03,6.666659999999999854e+03,6.250000000000000000e+03,2.613654231495314284e-01,2.376957431070561011e-01,2.926182035060271858e-01,1.827906198316333489e-18,3.053164445563165928e-04,1.165371732913512927e-05,1.085426565611596175e+02,9.927768362444355787e-05,2.237766470784531098e-05,-6.103517048662100345e-06,-1.654892680619806267e-05,2.309137468972812524e-01,2.387566124618084318e-01,2.376955729820465213e-01,9.006552014319910509e-17,9.981895707931900397e-01,-2.439577034294649224e-07,7.083481283819162400e+02
2.500000000000000000e+02,4.000000000000000083e-03,8.333325000000000728e+03,7.812500000000000000e+03,2.613654358525738242e-01,2.376957394823817071e-01,2.926182055532218218e-01,8.195405775183182826e-18,3.053165803419771946e-04,1.165371675036462132e-05,1.356791204159213180e+02,7.942214690082050055e-05,1.790213431447482110e-05,-4.882814517580880908e-06,-1.323914306372432249e-05,2.309137452507626365e-01,2.387566113069708729e-01,2.376955693567536498e-01,1.524875654195376602e-16,nan,nan,nan
3.125000000000000000e+02,3.200000000000000153e-03,1.041665625000000000e+04,9.765625000000000000e+03,2.613654439816348596e-01,2.376957371624865145e-01,2.926182068632955935e-01,1.535272320308954569e-29,3.053166672730128609e-04,1.165371638187868227e-05,1.695995402215515639e+02,6.353771752137804540e-05,1.432170875612202825e-05,-3.906252064007259865e-06,-1.059131528306209280e-05,2.309137441970916527e-01,2.387566105679337358e-01,2.376955670364633288e-01,1.738642548191365804e-16,nan,nan,nan
3.906250000000000000e+02,2.560000000000000209e-03,1.302082031250000000e+04,1.220703125000000000e+04,2.613654491858676820e-01,2.376957356779555164e-01,2.926182077019839900e-01,1.636679897941729427e-17,3.053167228554501682e-04,1.165371614241353019e-05,2.119999371997910771e+02,5.083017401727452089e-05,1.145736767302354300e-05,-3.125001881478293762e-06,-8.473052647554557651e-06,2.309137435225555590e-01,2.387566100948414205e-01,2.376955655516787003e-01,1.764584599537026341e-16,nan,nan,nan
4.000000000000000000e+02,2.500000000000000052e-03,1.333331999999999971e+04,1.250000000000000000e+04,2.613654496128291482e-01,2.376957355554940032e-01,2.926182077708132101e-01,4.044294062601574054e-28,3.053167274864593945e-04,1.165371612632546072e-05,2.170879787000922079e+02,4.963884181358180214e-05,1.118883567172551743e-05,-3.051759668483855678e-06,-8.274465514862613466e-06,2.309137434671905131e-01,2.387566100559881943e-01,2.376955654291965647e-01,1.852390708055296824e-16,9.990943754102631358e-01,-1.219795419847296013e-07,1.416690319798088012e+03
5.000000000000000000e+02,2.000000000000000042e-03,1.666665000000000146e+04,1.562500000000000000e+04,2.613654527881862366e-01,2.376957346492802603e-01,2.926182082825523056e-01,1.877743193253583858e-17,3.053167614454503956e-04,1.165371598250996939e-05,2.713603731823173462e+02,3.971107345090985064e-05,8.951068855866700142e-06,-2.441407844664084534e-06,-6.619572615101989104e-06,2.309137430556068571e-01,2.387566097673057552e-01,2.376955645228285008e-01,1.051507796181842101e-16,nan,nan,nan
6.250000000000000000e+02,1.600000000000000077e-03,2.083331250000000000e+04,1.953125000000000000e+04,2.613654548206081341e-01,2.376957340693273690e-01,2.926182086100939106e-01,3.171639976047748715e-17,3.053167831729458495e-04,1.165371589002840668e-05,3.392007863532747365e+02,3.176885876082780058e-05,7.160855247773189770e-06,-1.953126331970274440e-06,-5.295658195802810248e-06,2.309137427921709729e-01,2.387566095825358892e-01,2.376955639427765776e-01,1.349350608846193812e-16,nan,nan,nan
7.812500000000000000e+02,1.280000000000000105e-03,2.604164062500000000e+04,2.441406250000000000e+04,2.613654561231550377e-01,2.376957336983773483e-01,2.926182088199856812e-01,1.677016291567377204e-17,3.053167970199895868e-04,1.165371582686695213e-05,4.240012391918118055e+02,2.541508700892869399e-05,5.728684281825536880e-06,-1.562501094316665193e-06,-4.236526606947866465e-06,2.309137426233670853e-01,2.387566094641640768e-01,2.376955635717625803e-01,1.596761057971975375e-16,nan,nan,nan
9.765625000000000000e+02,1.023999999999999954e-03,3.255205078125000000e+04,3.051757812500000000e+04,2.613654569549496154e-01,2.376957334607456007e-01,2.926182089540455000e-01,1.331151891695657435e-17,3.053168059418197668e-04,1.165371579050276044e-05,5.300017535393704975e+02,2.033206960724842638e-05,4.582947468177220065e-06,-1.250000890212889180e-06,-3.389221313748006546e-06,2.309137425155421142e-01,2.387566093885280238e-01,2.376955633340901430e-01,1.147772698718322520e-16,nan,nan,nan
1.000000000000000000e+03,1.000000000000000021e-03,3.333330000000000291e+04,3.125000000000000000e+04,2.613654570231058738e-01,2.376957334411325118e-01,2.926182089650349316e-01,9.873149698175435840e-31,3.053168066879244423e-04,1.165371578827488930e-05,5.427218127915000423e+02,1.985553672567696992e-05,4.475534640310730700e-06,-1.220703995545385250e-06,-3.309786441731711000e-06,2.309137425067017135e-01,2.387566093823219604e-01,2.376955633144738067e-01,1.043387784869398071e-16,9.996376517079458290e-01,-4.879188110481072155e-08,3.541722586368287466e+03
1.250000000000000000e+03,8.000000000000000383e-04,4.166662500000000000e+04,3.906250000000000000e+04,2.613654575320214501e-01,2.376957332962429115e-01,2.926182090470398900e-01,1.164510956879033127e-32,3.053168120933852977e-04,1.165371576336304724e-05,6.784024261797494546e+02,1.588442938060818932e-05,3.580427732664594615e-06,-9.765632034336774043e-07,-2.647829165613181658e-06,2.309137424407502193e-01,2.387566093360756481e-01,2.376955631695596427e-01,1.441714826658703195e-16,nan,nan,nan
1.562500000000000000e+03,6.400000000000000524e-04,5.208328125000000000e+04,4.882812500000000000e+04,2.613654578585840049e-01,2.376957332036188086e-01,2.926182090996494733e-01,9.762817891536115877e-18,3.053168155250627117e-04,1.165371574552609360e-05,8.480031612233391343e+02,1.270754350438108027e-05,2.864342196610924641e-06,-7.812505663187052250e-07,-2.118263337946619033e-06,2.309137423984433946e-01,2.387566093064211747e-01,2.376955630769190253e-01,1.030359806802358955e-16,nan,nan,nan
1.953125000000000000e+03,5.119999999999999768e-04,6.510410156250000000e+04,6.103515625000000000e+04,2.613654580599886201e-01,2.376957331434120524e-01,2.926182091321986589e-01,1.073510568490309089e-17,3.053168179684056030e-04,1.165371575091778865e-05,1.060004050587364645e+03,1.016603480349931310e-05,2.291473762467908100e-06,-6.250004549851667666e-07,-1.694610678006822668e-06,2.309137423722345817e-01,2.387566092879467028e-01,2.376955630167034428e-01,1.184438422989525675e-16,nan,nan,nan
2.000000000000000000e+03,5.000000000000000104e-04,6.666660000000000582e+04,6.250000000000000000e+04,2.613654580814432360e-01,2.376957331390473493e-01,2.926182091355976622e-01,9.087514532667865839e-18,3.053168180112805405e-04,1.165371574058833028e-05,1.085444158604803079e+03,9.927768362810729386e-06,2.237767346693143910e-06,-6.103520069120846345e-07,-1.654893237807604576e-06,2.309137423695203362e-01,2.387566092861021227e-01,2.376955630123374630e-01,1.005153220090404925e-16,9.998188094395464853e-01,-2.439595156825307610e-08,7.083442393309260297e+03
2.500000000000000000e+03,4.000000000000000192e-04,8.333325000000000000e+04,7.812500000000000000e+04,2.613654582117462266e-01,2.376957331031997467e-01,2.926182091565526222e-01,3.220346452706692246e-18,3.053168192626343246e-04,1.165371572755460742e-05,1.356805280283147340e+03,7.942214690276339084e-06,1.790213879965392755e-06,-4.882816063758640192e-07,-1.323914590303623965e-06,2.309137423526811950e-01,2.387566092743362844e-01,2.376955629764835598e-01,1.126695652465263240e-16,nan,nan,nan
3.125000000000000000e+03,3.200000000000000262e-04,1.041665625000000000e+05,9.765625000000000000e+04,2.613654582838458307e-01,2.376957330788812550e-01,2.926182091682968944e-01,2.728840227943321659e-18,3.053168204309762235e-04,1.165371574421863218e-05,1.696006657088620159e+03,6.353771752232173498e-06,1.432171105136029604e-06,-3.906252856464995848e-07,-1.059131676707558464e-06,2.309137423431942004e-01,2.387566092675562635e-01,2.376955629521606828e-01,1.127311028182131114e-16,nan,nan,nan
3.906250000000000000e+03,2.559999999999999884e-04,1.302082031250000000e+05,1.220703125000000000e+05,2.613654583432769574e-01,2.376957330649359934e-01,2.926182091777742578e-01,1.546664660757660749e-17,3.053168207463734544e-04,1.165371572546586991e-05,2.120008379810257338e+03,5.083017401812106595e-06,1.145736884867522529e-06,-3.125002286524185041e-07,-8.473053393133409012e-07,2.309137423356049934e-01,2.387566092623346903e-01,2.376955629382132285e-01,1.108055108165374268e-16,nan,nan,nan
4.000000000000000000e+03,2.500000000000000052e-04,1.333332000000000116e+05,1.250000000000000000e+05,2.613654583602628145e-01,2.376957330652608447e-01,2.926182091803393170e-01,3.285378432210350105e-18,3.053168203789636843e-04,1.165371569714083743e-05,2.170888598045625258e+03,4.963884181433120268e-06,1.118883676834196234e-06,-3.051760045056845396e-07,-8.274466168435449924e-07,2.309137423335990702e-01,2.387566092611018986e-01,2.376955629385382462e-01,1.132360959302831355e-16,9.999094006155941905e-01,-1.219796161846366598e-08,1.416690144930977840e+04
5.000000000000000000e+03,2.000000000000000096e-04,1.666665000000000000e+05,1.562500000000000000e+05,2.613654583792411334e-01,2.376957330546417557e-01,2.926182091835712318e-01,8.215940748273726666e-18,3.053168211342008657e-04,1.165371572398937798e-05,2.713610771467718223e+03,3.971107345124291754e-06,8.951069416635021831e-07,-2.441408037970623599e-07,-6.619572967749210797e-07,2.309137423309422232e-01,2.387566092590631961e-01,2.376955629279176030e-01,1.234974892673701290e-16,nan,nan,nan
6.250000000000000000e+03,1.600000000000000131e-04,2.083331250000000000e+05,1.953125000000000000e+05,2.613654584025359995e-01,2.376957330492043552e-01,2.926182091872850943e-01,1.588609192776176495e-17,3.053168212548055638e-04,1.165371571649635512e-05,3.392013500979935543e+03,3.176885876116086749e-06,7.160855535166393987e-07,-1.953126430752065982e-07,-5.295658368180431712e-07,2.309137423279685741e-01,2.387566092570182763e-01,2.376955629224790090e-01,9.821372311900299815e-17,nan,nan,nan
7.812500000000000000e+03,1.279999999999999942e-04,2.604164062500000000e+05,2.441406250000000000e+05,2.613654584073988874e-01,2.376957330445002015e-01,2.926182091881792680e-01,2.619547934047348005e-32,3.053168216588483569e-04,1.165371573394174745e-05,4.240016885787176761e+03,2.541508700895644957e-06,5.728684428468912084e-07,-1.562501145267603695e-07,-4.236526707295395869e-07,2.309137423272128176e-01,2.387566092563765674e-01,2.376955629177742724e-01,1.224483593569299304e-16,nan,nan,nan
9.765625000000000000e+03,1.023999999999999954e-04,3.255205078125000000e+05,3.051757812500000000e+05,2.613654584372510636e-01,2.376957330447486694e-01,2.926182091926980977e-01,1.391381717354443492e-17,3.053168210474078797e-04,1.165371568589131154e-05,5.300021180533462029e+03,2.033206960759537107e-06,4.582947544258143115e-07,-1.250000915488005413e-07,-3.389221338988390458e-07,2.309137423236753417e-01,2.387566092541904827e-01,2.376955629180219909e-01,1.743290533403360147e-16,nan,nan,nan
1.000000000000000000e+04,1.000000000000000048e-04,3.333330000000000000e+05,3.125000000000000000e+05,2.613654584023657468e-01,2.376957330402181545e-01,2.926182091875587088e-01,4.746666477387000669e-18,3.053168222121336933e-04,1.165371576462465538e-05,5.427221601224489859e+03,1.985553672541329195e-06,4.475534709520781568e-07,-1.220704020193611446e-07,-3.309786508566219322e-07,2.309137423276487466e-01,2.387566092564898934e-01,2.376955629134912262e-01,1.118543032537273308e-16,9.999637592610226555e-01,-4.879182913480764061e-09,3.541726636591412534e+04
