zeta2,Q2,omega_star,beta1_star,absX1,absX3,A5_over_X1,A7_over_X1,d5_over_X1,linewidths,floquet_radius,arg_xi_lo,im_eta3,im_eta5,aug_residual,beta1_src1,beta1_src13,beta1_src135,mag_removed_3,mag_removed_5,alpha_pole,det_err
2.000000000000000042e-02,3.125000000000000000e+01,2.597280970367695785e-01,2.381542763447589695e-01,2.923570214800632061e-01,1.205552808076538300e-24,2.869438560396010284e-04,1.173112899202782878e-05,1.677407092025658695e-03,1.304037778350295718e-01,6.944024618648022562e-01,4.395119434158985955e-03,-1.193054784099470281e-03,-3.258544647805510994e-03,1.963209712279912869e-17,2.311198236673306650e-01,2.389011057445976915e-01,2.381541835857352019e-01,8.527273596701372416e-01,9.998119105069609436e-01,1.985550569939634191e-02,6.309397448944764619e-13
1.600000000000000033e-02,3.906250000000000000e+01,2.603889231092577083e-01,2.379755703013032853e-01,2.924586020848726764e-01,9.136936951576855993e-28,2.938229859134163435e-04,1.167183997944066049e-05,1.695298309836504791e-03,3.690016047851957803e-01,nan,3.541725134771457357e-03,-9.636044148998539061e-04,-2.622885706249742429e-03,3.037435619848645162e-17,2.310380505165403331e-01,2.388437439786445238e-01,2.379754480710978282e-01,8.496897021399414385e-01,9.998222081570750097e-01,1.597110484085156878e-02,nan
1.280000000000000061e-02,4.882812500000000000e+01,2.607785050079576838e-01,2.378723333435999454e-01,2.925186061329875242e-01,4.349541912422414307e-28,2.973630442944227088e-04,1.161884297030844308e-05,1.702934477814552162e-03,6.095731535978892168e-01,nan,2.845616729340169453e-03,-7.754880200872352192e-04,-2.105781586114621826e-03,2.266411140595825445e-17,2.309890534779193427e-01,2.388094664744610796e-01,2.378721938924474866e-01,8.481031103087892653e-01,9.998283734363789810e-01,1.286354683385412812e-02,nan
1.024000000000000084e-02,6.103515624999999289e+01,2.610246060075480656e-01,2.378105901961239943e-01,2.925565084181020459e-01,2.786246403135995697e-29,2.991322065054651479e-04,1.156441045347364843e-05,1.704523250368280684e-03,8.741833771539769815e-01,nan,2.282715592256485439e-03,-6.229422747284405447e-04,-1.688252357712662988e-03,2.214336455810928614e-17,2.309579057316772377e-01,2.387878013212650641e-01,2.378104403179296666e-01,8.474317268710617190e-01,9.998321264395473307e-01,1.037743114888889373e-02,nan
8.192000000000001364e-03,7.629394531249998579e+01,2.611896782033353293e-01,2.377735707599027692e-01,2.925818777393238701e-01,2.008784986032502373e-25,2.998202815185955572e-04,1.150376151485575127e-05,1.701935691277695582e-03,1.179850139695661326e+00,nan,1.829517715407045142e-03,-4.999205073332724496e-04,-1.352392100464713809e-03,9.348228691359008437e-16,2.309370464291985170e-01,2.387734458687729711e-01,2.377734145326075577e-01,8.473990248969140993e-01,9.998343742653194033e-01,8.388471089563864780e-03,nan
6.553600000000001438e-03,9.536743164062498579e+01,2.613087263834543705e-01,2.377519714494330805e-01,2.926000938301613341e-01,1.796955519513126328e-24,2.997704644077544243e-04,1.143305400869920271e-05,1.696030575810000005e-03,1.543621722762932302e+00,nan,1.465541096541109634e-03,-4.010149791986595950e-04,-1.082800364829201219e-03,2.363164916151018889e-16,2.309221398278769599e-01,2.387633653948289802e-01,2.377518114346600098e-01,8.478568806879025477e-01,9.998356452351430113e-01,6.797248012725395916e-03,nan
5.242880000000001844e-03,1.192092895507812074e+02,2.614030450740897349e-01,2.377403497007438415e-01,2.926144330854487108e-01,5.516397223031987771e-25,2.991568240893250122e-04,1.134865844242045878e-05,1.687126207082590172e-03,1.984706739581255430e+00,nan,1.173648782403567507e-03,-3.216435270611832549e-04,-8.666759569010945140e-04,8.924803595424559845e-17,2.309105151867245354e-01,2.387556991220644576e-01,2.377401875699793610e-01,8.487326477494935295e-01,9.998362575018376885e-01,5.524228301325900814e-03,nan
5.000000000000000104e-03,1.250000000000000000e+02,2.614213181502427763e-01,2.377388269585214153e-01,2.926171985319068192e-01,8.645000223769953807e-28,2.989625723402694179e-04,1.132860275526489535e-05,1.684850491490264392e-03,2.090516061052901442e+00,8.835594388120915355e-01,1.119502557350466861e-03,-3.069154302640512196e-04,-8.265910879155053889e-04,3.438722405893772927e-17,2.309082894511932937e-01,2.387542576749425993e-01,2.377386645381021069e-01,8.489696606059848882e-01,9.998363227104667406e-01,5.288329866178581584e-03,7.401301793663606077e-13
4.000000000000000083e-03,1.562500000000000000e+02,2.615038169458255291e-01,2.377350673697062322e-01,2.926296296348365744e-01,5.132487342244650890e-25,2.977668275207104114e-04,1.122255163199856069e-05,1.672272218629028981e-03,2.656399115921131315e+00,nan,8.964076938988876746e-04,-2.462180421016860491e-04,-6.614510309529882939e-04,5.388879471293634570e-17,2.308983579645138839e-01,2.387479404544549932e-01,2.377349041690260956e-01,8.503227316497277144e-01,9.998363855948697587e-01,4.317059296765068943e-03,nan
3.200000000000000153e-03,1.953125000000000000e+02,2.615869177603261098e-01,2.377357633182218266e-01,2.926420737497872349e-01,5.742593960991811368e-25,2.961099300500417216e-04,1.109411760184082166e-05,1.656381289164538841e-03,3.356851988992800795e+00,nan,7.177720343793416976e-04,-1.976001127113093667e-04,-5.292413630537305897e-04,6.153689247855749347e-17,2.308885271943983686e-01,2.387418551478815154e-01,2.377356001142939268e-01,8.520820810346029228e-01,9.998361116190819242e-01,3.540023989968721363e-03,nan
2.560000000000000209e-03,2.441406249999999716e+02,2.616778054054251790e-01,2.377398638025615130e-01,2.926556277440936493e-01,7.574093889269604736e-25,2.939717078481489864e-04,1.093883377539984826e-05,1.636763164969856632e-03,4.227606473839524703e+00,nan,5.747808717729143780e-04,-1.586712219025199992e-04,-4.234260301028393509e-04,6.626630461599034048e-17,2.308779092099802754e-01,2.387354110861993617e-01,2.377397012154122691e-01,8.542814334199695381e-01,9.998355555150818530e-01,2.918382984237161137e-03,nan
2.048000000000000341e-03,3.051757812499999432e+02,2.617827848207250896e-01,2.377467425178271809e-01,2.926712506638601830e-01,7.251101475433335043e-25,2.913093300083272096e-04,1.075192464779524670e-05,1.612901483034403409e-03,5.312822923249197693e+00,nan,4.603444266866378001e-04,-1.275058529523994723e-04,-3.387520542041075637e-04,1.115503068844641636e-16,2.308657362632471621e-01,2.387281085025863003e-01,2.377465810913520494e-01,8.569676598155733238e-01,9.998347427477769500e-01,2.421061657733009076e-03,nan
1.638400000000000360e-03,3.814697265624999432e+02,2.619079935731621345e-01,2.377560081640242573e-01,2.926898743560604199e-01,8.440617131327864719e-25,2.880656473117824100e-04,1.052845410963772216e-05,1.584219824014818610e-03,6.667023805708653050e+00,nan,3.687715175292818502e-04,-1.025568011643699246e-04,-2.710048284015898748e-04,2.003344757417835611e-16,2.308512703298727098e-01,2.387194753967850080e-01,2.377558484200713307e-01,8.601942490106325723e-01,9.998336805914290748e-01,2.023198960897532039e-03,nan
1.310720000000000461e-03,4.768371582031248295e+02,2.620599127393596905e-01,2.377673650866990729e-01,2.927124834703081491e-01,8.852148231758727718e-25,2.841766844433020814e-04,1.026359330085482747e-05,1.550129977999600926e-03,8.357246063367993472e+00,nan,2.954992714651126615e-04,-8.258276305396474381e-05,-2.168064450585535934e-04,3.936086900007140566e-16,2.308337376315382217e-01,2.387090218247198692e-01,2.377672075615328839e-01,8.640144130015865453e-01,9.998323661642477544e-01,1.704905103779436049e-03,nan
1.048576000000000499e-03,5.960464477539060226e+02,2.622457595836011901e-01,2.377804987913215984e-01,2.927401778765191809e-01,2.091322615047730138e-24,2.795794911881761390e-04,9.953021430636883500e-06,1.510091884891614274e-03,1.046534147116353708e+01,nan,2.368722531371091251e-04,-6.658883947181986425e-05,-1.734513791921574676e-04,7.894002801617346464e-16,2.308122774242869213e-01,2.386962040282963327e-01,2.377803440593035667e-01,8.684732640393282299e-01,9.998307929278116291e-01,1.450267602830235258e-03,nan
1.000000000000000021e-03,6.250000000000000000e+02,2.622904002645514154e-01,2.377834815316158257e-01,2.927468369265804338e-01,1.205642996621866067e-27,2.785056540568099778e-04,9.880774136249165438e-06,1.500771452677760430e-03,1.097636871760648525e+01,9.714201477979184096e-01,2.260074829764986042e-04,-6.362304602737070048e-05,-1.654183388386476180e-04,3.627850658369407205e-17,2.308071182477409722e-01,2.386931169120858898e-01,2.377833274720788370e-01,8.695064920416718524e-01,9.998304246278171270e-01,1.403082338900657478e-03,1.515565450915801193e-12
8.000000000000000383e-04,7.812500000000000000e+02,2.625286065078411557e-01,2.377981643295383196e-01,2.927824168855293063e-01,4.170705168721936330e-24,2.729800271041845435e-04,9.510515990654028467e-06,1.452976806434796032e-03,1.372574161016043170e+01,nan,1.812701722831761193e-04,-5.140205743096878748e-05,-1.323486291616914013e-04,1.788514041149372714e-15,2.307795510535274042e-01,2.386765797727793958e-01,2.377980138283077860e-01,8.747753537144788982e-01,9.998285322231170724e-01,1.208807566150160717e-03,nan
6.400000000000000524e-04,9.765624999999998863e+02,2.628208459885452708e-01,2.378133521728009736e-01,2.928261751664876233e-01,2.364361196528895234e-24,2.666554386376428915e-04,9.089571184193141138e-06,1.398589731101076592e-03,1.713803263785066378e+01,nan,1.454736527723295928e-04,-4.160812690232484917e-05,-1.059008796991076524e-04,3.366662275986821750e-15,2.307456338634104043e-01,2.386561366724046784e-01,2.378132059185655567e-01,8.807096346059535286e-01,9.998263816990882180e-01,1.053386820668855695e-03,nan
5.120000000000000853e-04,1.220703124999999773e+03,2.631786207758382012e-01,2.378279990779881836e-01,2.928799028145260830e-01,3.630834564354207737e-29,2.595342553833019750e-04,8.619175230005171698e-06,1.337755009657080408e-03,2.135714940170218057e+01,nan,1.168293867859499776e-04,-3.375443181553600819e-05,-8.475151997833729972e-05,2.059746297412259161e-17,2.307039539557867169e-01,2.386308786251489789e-01,2.378278577991872478e-01,8.872692086217097707e-01,9.998239916589554133e-01,9.290496253113178504e-04,nan
5.000000000000000104e-04,1.250000000000000000e+03,2.632210294937949446e-01,2.378294683053099046e-01,2.928862824552261879e-01,1.260292706291101382e-27,2.587318516714209415e-04,8.566414909258362442e-06,1.330927753603638889e-03,2.185965616662138089e+01,9.830156864828027974e-01,1.141435132959160335e-04,-3.301692790719772407e-05,-8.276934003388615945e-05,1.339197151720698548e-17,2.306990016837149882e-01,2.386278683387559052e-01,2.378293275990613076e-01,8.880002065013853363e-01,9.998237248522857668e-01,9.173929857951845790e-04,1.635636071029011873e-12
4.000000000000000192e-04,1.562500000000000000e+03,2.636668237736830012e-01,2.378418138527609305e-01,2.929534803145894539e-01,3.673254688862909408e-29,2.507784367677426364e-04,8.046264436963397167e-06,1.263574072082416155e-03,2.716580821747261965e+01,nan,9.175652726520168098e-05,-2.685947882358871418e-05,-6.625641871029786260e-05,2.135858338419507514e-17,2.306467905610780356e-01,2.385960243827531246e-01,2.378416789439503909e-01,8.951561790916150452e-01,9.998211120447783040e-01,8.202541393287632321e-04,nan
3.200000000000000262e-04,1.953124999999999773e+03,2.642082268815173496e-01,2.378500577107017233e-01,2.930354087820550291e-01,5.758872589328898485e-29,2.421626167774115909e-04,7.488986401019814544e-06,1.191311939108240844e-03,3.365446589472252725e+01,nan,7.383789978469802121e-05,-2.191262664191100218e-05,-5.305504386102404473e-05,2.038833942491114031e-17,2.305829993737966432e-01,2.385568850078455261e-01,2.378499293168066520e-01,9.027219283941596562e-01,9.998183565092914060e-01,7.425428249533960745e-04,nan
2.560000000000000426e-04,2.441406249999999545e+03,2.648623991223864604e-01,2.378518240349957735e-01,2.931348389425356693e-01,6.274117345985754002e-29,2.330104727587907943e-04,6.904959646487653283e-06,1.115450504970485817e-03,4.153709448991618558e+01,nan,5.949273923358459583e-05,-1.793368881232047110e-05,-4.250226076067105890e-05,1.820781187952550442e-17,2.305053522438676450e-01,2.385089631716710845e-01,2.378517028026493063e-01,9.105411453964074031e-01,9.998155324694154578e-01,6.803736209563537862e-04,nan
2.048000000000000449e-04,3.051757812499999545e+03,2.656482698646319141e-01,2.378443419193548292e-01,2.932548787886525843e-01,5.516358037857902338e-29,2.234786488267165197e-04,6.306647034091608351e-06,1.037567576227737490e-03,5.104368740256000336e+01,nan,4.800508092131642636e-05,-1.472893958318995544e-05,-3.406731347701947964e-05,3.562970279190262941e-17,2.304112370605467808e-01,2.384505510228253633e-01,2.378442283776866506e-01,9.184383397650199843e-01,9.998127283333917426e-01,6.306381598074617401e-04,nan
1.638400000000000576e-04,3.814697265624998636e+03,2.665863558441220471e-01,2.378245236195158929e-01,2.933989660057801374e-01,2.569244191046491036e-28,2.137407761099193023e-04,5.707491864797529921e-06,9.593706065493273370e-04,6.241947020000863944e+01,nan,3.880218463675077936e-05,-1.214380265692980669e-05,-2.732529405559495431e-05,3.408719361609912849e-17,2.302976778509612799e-01,2.383797056727103014e-01,2.378244181399053747e-01,9.262353327454120322e-01,9.998100407499708187e-01,5.908497280193714118e-04,nan
1.310720000000000624e-04,4.768371582031248181e+03,2.676985036896978865e-01,2.377890548821157968e-01,2.935708538463316364e-01,2.250757863293830323e-29,2.039716710091809204e-04,5.120646700369977365e-06,8.825363460381557661e-04,7.592098050741854820e+01,nan,3.142597294637106418e-05,-1.005496813638111560e-05,-2.193609246635439214e-05,2.246598117093867836e-17,2.301613025049404349e-01,2.382942325273839368e-01,2.377889576517778492e-01,9.337680161876449336e-01,9.998075674541133662e-01,5.590189422609026515e-04,nan
1.048576000000000580e-04,5.960464477539058862e+03,2.690075900246808871e-01,2.377344706406655239e-01,2.937745958304402438e-01,1.438046344273918467e-25,1.943326343432079210e-04,4.557788656191219534e-06,8.085614920797645896e-04,9.181202178297587579e+01,nan,2.551017933574372228e-05,-8.364068035038526742e-06,-1.762756898226248189e-05,2.202687519333632880e-17,2.299982992775405910e-01,2.381916611682117213e-01,2.377343816547481947e-01,9.409000546072826543e-01,9.998054002762832848e-01,5.335542877966115149e-04,nan
1.000000000000000048e-04,6.250000000000000000e+03,2.693134734178574408e-01,2.377200661714087837e-01,2.938224175048044229e-01,4.633082680724940101e-26,1.923140155265301641e-04,4.442172087817598208e-06,7.933263367364001709e-04,9.552328438293149304e+01,9.925215202710868656e-01,2.441187388635308942e-05,-8.048141779155613620e-06,-1.682942272403922188e-05,2.146191424773994062e-17,2.299598186801480038e-01,2.381673961371949255e-01,2.377199789197495250e-01,9.423542105984608064e-01,9.998049869569159975e-01,5.288356151674777905e-04,1.725453113721187037e-12
8.000000000000000654e-05,7.812499999999999091e+03,2.708930813735253018e-01,2.376374886796749630e-01,2.940706408977485919e-01,9.789702303163906918e-28,1.830137581777987186e-04,3.920646179219394353e-06,7.244046337734386760e-04,1.146707545172559009e+02,nan,1.988006592297723407e-05,-6.736053371551805671e-06,-1.354366952102007839e-05,3.152179184068531754e-17,2.297586844580025434e-01,2.380403231298759970e-01,2.376374094261468617e-01,9.488696934617618650e-01,9.998032973216484098e-01,5.094076068803965462e-04,nan
6.400000000000001066e-05,9.765624999999998181e+03,2.727224983625498589e-01,2.375276834666428249e-01,2.943607309451190535e-01,5.915574053690980677e-27,1.741070957883043499e-04,3.439976202976193994e-06,6.605468766322869717e-04,1.368009749829640782e+02,nan,1.623876615818305538e-05,-5.669194678298547178e-06,-1.091480409520573098e-05,1.870663038969392170e-17,2.295205611738972418e-01,2.378894834872061215e-01,2.375276118428282512e-01,9.548142128947602059e-01,9.998020712121041820e-01,4.938651905904978268e-04,nan
5.120000000000001124e-05,1.220703124999999818e+04,2.748261986914664057e-01,2.373866435422344601e-01,2.946977241226628741e-01,4.084994070756270681e-26,1.656662587159179610e-04,3.003302301964422703e-06,6.021970404770486413e-04,1.621825359386622551e+02,nan,1.330996808786962459e-05,-4.799922437503878257e-06,-8.810388182239470691e-06,1.613024413976088187e-17,2.292396215341180599e-01,2.377111457022293983e-01,2.373865790697718692e-01,9.601685091627459867e-01,9.998013541530668125e-01,4.814312513712337704e-04,nan
5.000000000000000240e-05,1.250000000000000000e+04,2.750669313086697154e-01,2.373696393959179585e-01,2.947365182380606297e-01,7.994277803291274500e-26,1.647986938254015544e-04,2.959526982280030829e-06,5.963277473582728272e-04,1.650824239415774173e+02,9.938347642728797560e-01,1.303442211804442779e-05,-4.717503128140236106e-06,-8.612978687806066024e-06,9.759015535987387396e-16,2.292069745913249412e-01,2.376904017437599381e-01,2.373695756521219946e-01,9.607030263276031823e-01,9.998013092348350117e-01,4.802655692866808490e-04,1.726729870199505967e-12
4.000000000000000327e-05,1.562499999999999818e+04,2.775028959614160295e-01,2.371888642027766281e-01,2.951317331377318887e-01,1.338951252134614586e-27,1.569284972904329799e-04,2.572292261754426527e-06,5.442360754300400606e-04,1.943745112941919899e+02,nan,1.072961380464991254e-05,-4.022866936703337592e-06,-6.966529027808650996e-06,2.903442303029920721e-17,2.288706880938209676e-01,2.374765419583478587e-01,2.371888069998072668e-01,9.654152689446247049e-01,9.998011898268911457e-01,4.705515500374735094e-04,nan
3.200000000000000533e-05,1.953124999999999636e+04,2.802655961881747038e-01,2.369667628600173326e-01,2.955858093788865659e-01,1.975838237742065542e-27,1.496055136511141841e-04,2.228417651834985063e-06,4.977081909954284835e-04,2.274874738221813288e+02,nan,8.871396572815373551e-06,-3.454672024819246337e-06,-5.646614594279284198e-06,3.457798252841021433e-17,2.284757595050862233e-01,2.372250694293949747e-01,2.369667116107739280e-01,9.695784387480077537e-01,9.998016274571692730e-01,4.627803322188317470e-04,nan
2.560000000000000562e-05,2.441406249999999636e+04,2.833804944341175025e-01,2.366971886981420747e-01,2.961052499719878384e-01,1.761007410510729997e-27,1.428493414636367856e-04,1.925311486354126651e-06,4.565024553731189473e-04,2.646975895962300456e+02,nan,7.371634373830477617e-06,-2.989373414945514963e-06,-4.587584716887133985e-06,2.292233275039186581e-17,2.280122675703151192e-01,2.369296399774225015e-01,2.366971428115967613e-01,9.732348200462849208e-01,9.998026277573884846e-01,4.565633564140580969e-04,nan
2.048000000000000720e-05,3.051757812499998909e+04,2.868734882790955898e-01,2.363726218102522036e-01,2.966972303208166850e-01,1.155180684116083787e-27,1.366762865960994362e-04,1.659606233526321726e-06,4.202961266891097939e-04,3.062872476106202271e+02,nan,6.160118379314760378e-06,-2.608272327357970278e-06,-3.737084148289550023e-06,1.279314807257223561e-17,2.274680709489839692e-01,2.365824771717436881e-01,2.363725807124266998e-01,9.764326161242398161e-01,9.998041902764795985e-01,4.515897747773556237e-04,nan
1.638400000000000780e-05,3.814697265624998545e+04,2.907708324425615221e-01,2.359836723582560691e-01,2.973696997561368627e-01,6.653107817035119645e-28,1.311048568101105154e-04,1.427547248088851815e-06,3.887382707407138283e-04,3.525448260284529169e+02,nan,5.180960515549819305e-06,-2.296577413767969913e-06,-3.053351574779451312e-06,2.817405178383148191e-17,2.268281080094842472e-01,2.361739104620213803e-01,2.359836355064398594e-01,9.792214578428515281e-01,9.998063135049212180e-01,4.476109088330515462e-04,nan
1.310720000000000725e-05,4.768371582031247090e+04,2.950988280330844593e-01,2.355184314908656817e-01,2.981314611531037939e-01,1.681120010774012648e-27,1.261605408640591858e-04,1.225266880339418884e-06,3.614900805731246255e-04,4.037616044905801687e+02,nan,4.389723590654730107e-06,-2.042671007412560433e-06,-2.503058625055280292e-06,2.822684871187387673e-17,2.260734587657269312e-01,2.356917518782281618e-01,2.355183983823856408e-01,9.816493648450210774e-01,9.998090016408688330e-01,4.444278156710834704e-04,nan
1.048576000000000614e-05,5.960464477539058862e+04,2.998831393298559411e-01,2.349616037290171155e-01,2.989922016831207396e-01,3.907436697697652591e-28,1.218803307433924637e-04,1.048952310513857667e-06,3.382546562806330458e-04,4.602241045390790646e+02,nan,3.751148966381741157e-06,-1.837548783935734045e-06,-2.059581364788203434e-06,3.331969345619072602e-17,2.251800786867174387e-01,2.351204462378610749e-01,2.349615739062341502e-01,9.837609024284579284e-01,9.998122745319583116e-01,4.418813408809396659e-04,nan
1.000000000000000082e-05,6.249999999999999272e+04,3.009612535751094442e-01,2.348296519515604974e-01,2.991889087182539875e-01,1.933948169962692130e-27,1.210607860807541152e-04,1.014467322044249879e-06,3.338091786663813470e-04,4.729282646470651912e+02,9.953472880361884378e-01,3.632314331375680221e-06,-1.799549800475090093e-06,-1.976968251177793071e-06,2.678061545115739200e-17,2.249695135960715353e-01,2.349857089603779037e-01,2.348296227727502405e-01,9.841728793761158611e-01,9.998130496040441573e-01,4.414094721141570421e-04,1.684319350658824987e-12
8.000000000000001332e-06,7.812499999999998545e+04,3.063304702566195803e-01,2.341345689687037712e-01,3.001838349057674438e-01,2.213710575387057787e-27,1.176594641277583814e-04,8.647124532660060613e-07,3.151352864142078049e-04,5.361068708174140056e+02,nan,3.142065855265385874e-06,-1.644649047924522523e-06,-1.634850623618207779e-06,2.438171949998404016e-17,2.238656532939267696e-01,2.342788034727610047e-01,2.341345425854146067e-01,9.859542194373099866e-01,9.998171044196074719e-01,4.394666658422974326e-04,nan
6.400000000000001404e-06,9.765624999999998545e+04,3.122031314319460016e-01,2.332954186621509496e-01,3.013017872386034024e-01,1.171731070687859548e-28,1.150711627483819334e-04,7.329438044360875863e-07,3.000737050257016496e-04,6.050625476427725289e+02,nan,2.750780098922678075e-06,-1.526077789085044322e-06,-1.357957499476617867e-06,3.778077240412870228e-17,2.225420828089529346e-01,2.334298169734546902e-01,2.332953947274001294e-01,9.875016804983762775e-01,9.998219345263517077e-01,4.379124207276874348e-04,nan
5.120000000000001801e-06,1.220703124999999563e+05,3.185900827299756322e-01,2.322754497377926552e-01,3.025539995987513442e-01,4.580604088606726992e-27,1.134099678181793965e-04,6.156511268493187108e-07,2.886032063626736005e-04,6.799180722966483472e+02,nan,2.442507969316258296e-06,-1.441185205557459143e-06,-1.133072075465733050e-06,9.706975148243671067e-18,2.209431141264887322e-01,2.324018615266528476e-01,2.322754279632860686e-01,9.888450162937593158e-01,9.998277708668102948e-01,4.366690245740656451e-04,nan
5.000000000000000409e-06,1.249999999999999854e+05,3.192992213302658366e-01,2.321545186745083145e-01,3.026954249828291976e-01,2.766483899725821872e-27,1.132939680861434767e-04,6.038872473100193086e-07,2.875984001687537854e-04,6.882216562225801226e+02,9.958251231031961526e-01,2.414099428680491805e-06,-1.434092839443615640e-06,-1.111762323938508383e-06,3.432329990054690030e-17,2.207541374951578206e-01,2.322801862515267990e-01,2.321544971154636261e-01,9.889768773863593099e-01,9.998284651783840848e-01,4.365524561818490135e-04,1.589506304355836619e-12
4.000000000000000666e-06,1.562499999999999709e+05,3.262522241711093840e-01,2.308763954447951294e-01,3.041081439919813834e-01,3.942958682716731289e-27,1.128457389555968891e-04,4.983122316421976825e-07,2.802371066444771242e-04,7.695694438463193592e+02,nan,2.183989391892114924e-06,-1.385680097875804789e-06,-9.318516575187693504e-07,3.350465701208391728e-17,2.187637437862944290e-01,2.309960217326237075e-01,2.308763758131570365e-01,9.901238430431336113e-01,9.998359116139982072e-01,4.355810528941239657e-04,nan
3.200000000000000702e-06,1.953124999999999709e+05,3.336925709920718908e-01,2.292930499143120138e-01,3.056740705363322208e-01,1.601127385499377277e-15,1.137319540434542764e-04,3.988927178389744376e-07,2.768990897352858723e-04,8.565046836744674010e+02,nan,2.016135513327399015e-06,-1.372007326450258630e-06,-7.830543520024603907e-07,1.775601955836353825e-14,2.163141991064368441e-01,2.294083583094549683e-01,2.292930321114119152e-01,9.911156610017007873e-01,9.998456229387325811e-01,4.348039302398964967e-04,nan
2.560000000000000901e-06,2.441406249999999127e+05,3.415693046678049960e-01,2.273100690741383101e-01,3.073964005414370204e-01,2.328574094383591792e-24,1.162707814131680141e-04,3.002782654509715567e-07,2.781082324651818166e-04,9.484387905899922089e+02,nan,1.906259952001705986e-06,-1.397886517871587053e-06,-6.572723680352882089e-07,1.298977804163476965e-15,2.132703082258041449e-01,2.274228054760784323e-01,2.273100531744516040e-01,9.919701992247093036e-01,9.998589787931844164e-01,4.341822321006494345e-04,nan
2.048000000000000975e-06,3.051757812499998836e+05,3.497931992877580942e-01,2.247981594183985077e-01,3.092706890164798605e-01,9.310325884298982861e-28,1.209057989913876952e-04,1.950590918416881552e-07,2.846886219435292931e-04,1.044340653318542991e+03,nan,1.853793845472618289e-06,-1.472481660142123923e-06,-5.465240414146631204e-07,3.370901590969067643e-17,2.094524511998091809e-01,2.249101474687207336e-01,2.247981458005035571e-01,9.927023176287913531e-01,9.998784036330073954e-01,4.336848735800591381e-04,nan
1.999999999999999909e-06,3.125000000000000000e+05,3.506826809397066147e-01,2.244932624246747943e-01,3.094783495776675664e-01,6.011517755379246478e-28,1.215452976681541121e-04,1.830739951099431267e-07,2.857501238378503815e-04,1.054708980256073346e+03,9.964475945231983101e-01,1.851709129770920862e-06,-1.483850983867485042e-06,-5.352804198889320646e-07,1.853134526137067731e-17,2.089919495304406460e-01,2.246052829622663394e-01,2.244932490914001988e-01,9.927734773227534504e-01,9.998809784409067314e-01,4.336382462180876640e-04,1.309952146755222202e-12
