force,omega,beta1,abs_X1,abs_X3
5.873581129287495095e-01,5.635591889887413969e-02,2.843669784301282033e-01,5.365474992189021020e-01,2.046700169326743586e-25
5.857231304065148025e-01,6.617955468352947068e-02,2.841908294680564051e-01,5.356564681097867320e-01,1.259907231976006218e-25
5.838055715772432208e-01,7.593450852330668743e-02,2.839803622636024039e-01,5.345966419732111063e-01,7.045794224523846155e-25
5.815940490915940675e-01,8.560447971075829665e-02,2.837320900951380009e-01,5.333532647632759360e-01,3.808749345757412863e-25
5.790715649900602946e-01,9.516838415117481742e-02,2.834410318997062639e-01,5.319052401155867082e-01,8.210763291808745116e-25
5.762112358611664042e-01,1.045964733061170715e-01,2.830996404933879829e-01,5.302206087758801756e-01,7.645621691862235580e-25
5.729663638119396607e-01,1.138411057788514535e-01,2.826953048666405732e-01,5.282460684590105648e-01,9.497177492157210266e-24
5.692432369190381092e-01,1.228099997035542457e-01,2.822034377591699505e-01,5.258781734009179143e-01,7.362178128803755588e-27
5.648146800820958990e-01,1.312689886157754893e-01,2.815649253235963378e-01,5.228702099533218961e-01,2.989986621225406363e-25
5.591379183268032627e-01,1.384442840075180703e-01,2.806303953587446220e-01,5.186076764789294691e-01,7.708875831885536621e-26
5.522108116100841180e-01,1.428259916476498637e-01,2.793350423443456410e-01,5.128532693705917245e-01,1.209175306599238944e-27
5.449458449762210055e-01,1.450479147019471948e-01,2.779009964624432061e-01,5.064965732089647954e-01,7.828940507653299586e-28
5.376367192298923126e-01,1.463709909212864979e-01,2.764466938096453719e-01,4.999696256813984108e-01,8.525724566893692832e-25
5.315405453202324271e-01,1.471783581488408099e-01,2.752426090119097779e-01,4.944792889356924848e-01,4.353677514560560720e-26
5.271868849932114243e-01,1.476810975402426673e-01,2.743909653672511051e-01,4.905448531834361026e-01,9.592446901766703271e-28
5.240774785280373216e-01,1.480312071724081413e-01,2.737874328807538560e-01,4.877319431160527241e-01,2.686492728703668174e-26
5.218566184225370552e-01,1.482917388058712649e-01,2.733587584233606038e-01,4.857234114347088183e-01,1.347224849626991954e-26
5.202704338299261044e-01,1.484940391941781401e-01,2.730537138943586184e-01,4.842906343320441120e-01,3.157080923810812674e-26
5.191376884010209247e-01,1.486557191382273380e-01,2.728363471851847910e-01,4.832695459933207260e-01,1.316043299819620394e-26
5.183289717098369387e-01,1.487876126817249400e-01,2.726813176106526182e-01,4.825426573227948324e-01,6.019589469923240658e-27
5.177518683196397076e-01,1.488968813379525358e-01,2.725706976138920212e-01,4.820259359915587960e-01,3.065476077017574552e-26
5.173403815633349501e-01,1.489885480333930645e-01,2.724917681238479550e-01,4.816593328165147403e-01,1.574684762505718479e-26
5.170473900844343440e-01,1.490663183787343526e-01,2.724354876100801293e-01,4.813999752322306591e-01,1.542740831965823980e-27
5.168392699300655702e-01,1.491330524472372909e-01,2.723954222808523395e-01,4.812172930897254952e-01,1.403936734194811470e-26
5.166920678791009358e-01,1.491910564113373694e-01,2.723669957997428281e-01,4.810895412781751035e-01,5.152313950676631115e-26
5.165887955518031482e-01,1.492422792491777395e-01,2.723469640674634484e-01,4.810013379607968043e-01,5.667280235347911837e-26
5.165175553869642000e-01,1.492884541437490276e-01,2.723330538965564318e-01,4.809419595812676196e-01,9.111436114725068209e-26
5.164703339733210941e-01,1.493311545424703957e-01,2.723237316808282960e-01,4.809042380282119722e-01,1.817831861157283805e-26
5.164423702915160730e-01,1.493713824509896038e-01,2.723180863233806703e-01,4.808839235265428003e-01,3.578462402022185386e-25
5.164543069074406523e-01,1.494909494974463737e-01,2.723193695330555220e-01,4.809111180891995074e-01,2.068632021403165380e-26
5.166443967088918399e-01,1.496293872094136279e-01,2.723544263851183644e-01,4.811050150702886885e-01,2.102189164593626553e-26
5.172500785659586153e-01,1.498323945659230105e-01,2.724684447785555852e-01,4.816905771231154154e-01,1.431069989115741758e-25
5.208228902136918803e-01,1.504289369589185410e-01,2.731539088299600460e-01,4.850628943103398871e-01,3.621427691236847262e-26
5.280120620741243220e-01,1.512904850085851349e-01,2.745741303922226151e-01,4.917999380473428994e-01,1.072574419255291076e-27
5.347631300467456938e-01,1.521910809245218266e-01,2.759583532523833815e-01,4.981357141453480741e-01,6.007382942579119933e-29
5.395463951409076309e-01,1.530746986518188579e-01,2.769768807019910017e-01,5.026574285299046929e-01,3.435975938453113824e-28
5.429018145960939901e-01,1.540249532415419176e-01,2.777211968074412840e-01,5.058759043949077050e-01,1.119179982570476666e-27
5.451890483960042388e-01,1.551466961510999110e-01,2.782594231375313254e-01,5.081382702048570232e-01,4.697489217392558072e-27
5.465507106767494294e-01,1.567821366220007728e-01,2.786322587518101912e-01,5.096266755977978402e-01,3.755648772256822027e-25
5.465052568732644556e-01,1.586644635399927505e-01,2.787184409628901127e-01,5.098615535781380048e-01,1.721822648973136727e-25
5.453122805115122596e-01,1.607564744279972035e-01,2.785689314408950623e-01,5.090758277510445406e-01,4.350924612406944554e-25
5.386412893754153330e-01,1.660301424543298709e-01,2.774113329765647284e-01,5.037311677655587072e-01,7.409534708296828522e-29
5.314873925231622387e-01,1.691607718442708352e-01,2.760594725889279899e-01,4.976106003360272756e-01,2.447262288994676311e-28
5.242260365114619347e-01,1.712822168953561097e-01,2.746562551770821980e-01,4.912253001628131832e-01,1.360974653349311603e-28
5.169381207322865102e-01,1.728582473064403935e-01,2.732449751488205125e-01,4.847207246533509761e-01,1.056654398709767249e-24
5.096450151322647892e-01,1.741234332759106496e-01,2.718431478078370822e-01,4.781534390322029204e-01,2.071102719108677492e-25
5.023525131447617031e-01,1.752088638620545591e-01,2.704585001297780678e-01,4.715497524078455793e-01,7.666029871516536572e-26
4.960232766951048200e-01,1.760750234424146021e-01,2.692729154739197384e-01,4.657996192057487495e-01,3.532507152872520953e-26
4.915033225332137157e-01,1.766843599372097950e-01,2.684356146632449480e-01,4.616879841661744033e-01,7.743492578267277059e-26
4.882753081997050493e-01,1.771354503802042568e-01,2.678420243201226625e-01,4.587521321192276624e-01,2.865812952939816309e-26
4.859700389351860883e-01,1.774812064163467928e-01,2.674198927919801405e-01,4.566581863463838875e-01,1.021453507041136946e-25
4.843239739048114112e-01,1.777531759741699802e-01,2.671189613397776941e-01,4.551663898694408572e-01,3.651649295641092432e-26
4.831489577632890886e-01,1.779716149534443792e-01,2.669040297488072810e-01,4.541049879647604537e-01,2.024066898083163044e-26
4.823106527095715190e-01,1.781502976687437678e-01,2.667503049956156946e-01,4.533511307777562949e-01,5.838567049230283951e-26
4.817131665861197343e-01,1.782990755068342148e-01,2.666402495938020589e-01,4.528170704876087749e-01,1.601596421239954256e-26
4.812881070702528241e-01,1.784253806278321419e-01,2.665614229168262184e-01,4.524402558670241326e-01,1.386816472210944665e-26
4.809868233161237461e-01,1.785352442416116014e-01,2.665049922073549071e-01,4.521762904738713673e-01,2.412471234640372278e-26
4.807750185947892718e-01,1.786342285123651841e-01,2.664647115161006830e-01,4.519940713473023508e-01,3.352528230403127517e-25
4.806294253473147871e-01,1.787289894936788526e-01,2.664362706135078307e-01,4.518729397895017708e-01,1.175884894199796882e-24
4.805379296702239622e-01,1.788344746084632730e-01,2.664171091329986529e-01,4.518039160995537262e-01,1.181189206622582722e-25
4.805307424870747801e-01,1.789545773964567876e-01,2.664124892703490510e-01,4.518157862161727989e-01,5.762480370721193268e-27
4.806091439114327790e-01,1.790549939546236813e-01,2.664236254783893254e-01,4.519044456715379243e-01,5.578309952515131968e-26
4.823463442913294430e-01,1.795700489794742893e-01,2.667202187928273127e-01,4.536045683406382256e-01,8.562842895698717942e-26
4.895052691519378718e-01,1.803903137053705363e-01,2.680101339827102302e-01,4.604078813342619148e-01,1.766179686032887785e-25
4.966844849199411049e-01,1.810241385260432934e-01,2.693579814874619283e-01,4.671980849522728851e-01,2.485292512693957478e-28
5.038509355428457681e-01,1.817295077380143009e-01,2.707559000750947575e-01,4.739845179049331225e-01,5.118241045947503806e-29
5.105610153980928434e-01,1.826150082070855940e-01,2.721203472676653745e-01,4.803724299276261323e-01,3.600968506032744807e-29
5.153004615943574951e-01,1.835496731617158872e-01,2.731283204192651026e-01,4.849340240036595362e-01,3.833642144583221150e-28
5.186071754264809375e-01,1.845833863035561406e-01,2.738686131011075497e-01,4.881802489205570583e-01,2.577628069781186462e-27
5.208309177866008444e-01,1.858215381136641142e-01,2.744073141290903628e-01,4.904554155816472916e-01,8.240812803948308401e-28
5.220285040907061136e-01,1.880809263889897109e-01,2.747999706116096563e-01,4.919529721356530882e-01,1.085691133386174427e-25
5.214743545180280382e-01,1.897979173060067581e-01,2.747896710681484445e-01,4.917326895447362012e-01,1.988408890822184052e-25
5.183850617339166300e-01,1.930204765927587274e-01,2.743338143508918803e-01,4.894162824381562138e-01,7.080911611687052523e-26
5.114163580583516167e-01,1.971394370003112240e-01,2.731146021404678437e-01,4.836404853207291188e-01,2.094037315418085041e-27
5.042437469243676862e-01,2.000178411134924394e-01,2.717900747087459989e-01,4.774460842072561495e-01,1.136362943482434722e-27
4.970105609030511795e-01,2.021900030792203040e-01,2.704273056395010144e-01,4.710583492000424144e-01,1.619073016747565612e-28
4.897617371415632359e-01,2.039072046090606993e-01,2.690526529976627890e-01,4.645638227464587988e-01,1.002114894738952241e-28
4.825170018124237958e-01,2.053395053060849129e-01,2.676802781368440298e-01,4.580117850510901367e-01,2.213405508653550040e-24
4.762438030350137907e-01,2.064638671749622068e-01,2.664975169775193886e-01,4.523094527606201787e-01,1.262638163933124805e-24
4.717873695160789693e-01,2.072685102345348807e-01,2.656607900631001162e-01,4.482547531872648205e-01,3.162441792860691883e-28
4.686381338762490301e-01,2.079001460659785916e-01,2.650701452069656461e-01,4.453978195771935988e-01,2.192693081662302319e-27
4.664392745342930691e-01,2.084403666287333590e-01,2.646563778792986321e-01,4.434188698240484339e-01,1.090137147329952431e-26
4.649559428275988338e-01,2.089557506494184869e-01,2.643741237173825032e-01,4.421093032267256473e-01,1.397741781471820248e-24
4.641146010538102495e-01,2.098089900983510503e-01,2.642024424965255802e-01,4.414636211612327221e-01,1.129739968219105819e-25
4.658565793259856203e-01,2.109067317274547770e-01,2.645081040333298605e-01,4.433003760444438335e-01,9.866893409862776103e-27
4.689124568199202758e-01,2.118358841220381317e-01,2.650785490262753119e-01,4.463505863509219518e-01,1.617371600661612348e-28
4.734002921995325019e-01,2.130318560152580365e-01,2.659529722196837254e-01,4.508030704869899208e-01,1.592336143879066447e-24
4.765974408668738893e-01,2.139780360840648210e-01,2.666049847074435375e-01,4.539939161038841764e-01,3.263839639817974379e-25
4.788437733287772002e-01,2.147963026094755756e-01,2.670840533541966044e-01,4.562650737414811197e-01,1.001160856651126638e-24
4.803984497733823078e-01,2.155348691186148025e-01,2.674330321127795229e-01,4.578695861275726142e-01,1.023886440459790737e-24
4.814445789660682928e-01,2.162249226109802247e-01,2.676844111206460597e-01,4.589857889498345500e-01,1.683809526745659491e-24
4.821020984592156999e-01,2.168938081564545928e-01,2.678607622095622309e-01,4.597317984483166309e-01,5.110162531637308551e-25
4.824333318592053943e-01,2.175584285164499088e-01,2.679739364089128717e-01,4.601694643475316981e-01,4.398878040492087104e-25
4.818955521919419116e-01,2.194145977516178958e-01,2.680020446645935972e-01,4.600121470520127653e-01,5.311822276900222111e-26
4.802857373070458791e-01,2.208443594004227684e-01,2.677845300996465339e-01,4.587620583498954185e-01,2.261302004661233790e-25
4.732033191434902308e-01,2.243414244166437310e-01,2.666214846097806901e-01,4.527249590316960726e-01,6.680026468513137234e-28
4.660073898984800622e-01,2.268585677511718024e-01,2.653745357556723805e-01,4.463810860045857032e-01,2.627206949520857187e-25
4.587861984845962859e-01,2.289806257665585876e-01,2.641105058674935724e-01,4.399253388151845301e-01,1.332403704774008803e-25
4.515564238738876135e-01,2.308543257673502935e-01,2.628461881983725767e-01,4.334019683335224027e-01,1.615139700945992564e-25
4.443240746835219190e-01,2.325456064039391757e-01,2.615891177153995550e-01,4.268297877311663657e-01,2.235542330775758740e-25
4.370919414454249030e-01,2.340923831926039478e-01,2.603435599689259972e-01,4.202192270112626860e-01,7.108676678273651815e-26
4.298614872757268723e-01,2.355197552403606454e-01,2.591122511353307623e-01,4.135770045027670760e-01,5.772466505414392300e-26
4.226335181040460354e-01,2.368458548400177999e-01,2.578970787645660234e-01,4.069078688234031294e-01,3.178954044251093811e-26
4.154084756984453008e-01,2.380845463359510805e-01,2.566994017988559196e-01,4.002153870189164575e-01,1.834114643276100353e-26
4.081865854769965996e-01,2.392468473918968053e-01,2.555202216486880396e-01,3.935023537458453013e-01,3.299679926265498811e-26
4.009679388524258203e-01,2.403417582418733156e-01,2.543602827280693757e-01,3.867710267936822488e-01,3.639526711572488238e-26
3.937525423721622286e-01,2.413767865290017134e-01,2.532201358417054959e-01,3.800232737873276978e-01,3.328602860162046926e-26
3.865403484674472256e-01,2.423583018821112156e-01,2.521001802328395325e-01,3.732606693305546286e-01,9.323627399655195125e-27
3.793312753296460560e-01,2.432917885793621227e-01,2.510006924135644857e-01,3.664845625141491814e-01,1.817710898712092039e-26
3.721252200421460432e-01,2.441820339425779252e-01,2.499218462103506289e-01,3.596961257164950632e-01,1.791791190904897892e-26
3.649220673782565538e-01,2.450332747719385640e-01,2.488637265279216026e-01,3.528963911093381256e-01,1.036169731805366891e-26
3.577216957409223297e-01,2.458493160886655038e-01,2.478263382257936409e-01,3.460862788730005302e-01,6.852285932674142852e-27
3.505239811820626272e-01,2.466336321739535653e-01,2.468096107782448423e-01,3.392666197861569644e-01,4.302580804163504306e-27
3.433288001160279546e-01,2.473894577926579741e-01,2.458133988180049301e-01,3.324381741075642105e-01,6.715210984823671615e-27
3.361360311420728553e-01,2.481198769263298354e-01,2.448374780854694899e-01,3.256016482903821840e-01,3.361836346701199767e-27
3.289455562678892941e-01,2.488279172574445197e-01,2.438815355517904848e-01,3.187577109835739719e-01,9.903847028599637811e-27
3.217572617579400607e-01,2.495166615719660030e-01,2.429451512998508922e-01,3.119070100061364093e-01,1.028117303528418009e-26
3.145710388137174518e-01,2.501893936813622821e-01,2.420277676377950715e-01,3.050501926995544677e-01,3.781816732145720134e-27
3.073867843538036770e-01,2.508498100334527470e-01,2.411286367966758160e-01,2.981879337340385128e-01,1.840490765640011641e-27
3.002044023945509288e-01,2.515023579769324336e-01,2.402467297729393714e-01,2.913209782688950256e-01,1.360774944628213913e-27
2.930238072516718195e-01,2.521528325922599567e-01,2.393805682067453311e-01,2.844502177225369244e-01,3.625333175044466078e-27
2.858449321240775221e-01,2.528095539577489559e-01,2.385278862228573937e-01,2.775768410434353850e-01,1.688026061901172380e-26
2.786677553737712532e-01,2.534860470665322718e-01,2.376848563248178670e-01,2.707026872586693056e-01,4.598976457357100227e-26
2.725631100678788665e-01,2.540960391501090321e-01,2.369698009152742812e-01,2.648563378037810390e-01,1.304501982733582420e-25
2.682036979884813155e-01,2.545704556898684690e-01,2.364546953179794131e-01,2.606841278666499617e-01,6.839244759108725209e-25
2.650907333262407239e-01,2.549465932950059077e-01,2.360795137972514224e-01,2.577084420357128036e-01,1.238706822770867339e-25
2.628681275208294421e-01,2.552497106153899797e-01,2.358034308142867574e-01,2.555876346608021432e-01,2.457037486441522979e-25
2.612816338619586287e-01,2.554975633355428544e-01,2.355982061642562242e-01,2.540774844037556601e-01,1.437287911356698555e-26
2.601497190690191252e-01,2.557030843612060900e-01,2.354440202956394335e-01,2.530035177475315478e-01,3.401910964512682002e-25
2.593427926107354509e-01,2.558760555865289832e-01,2.353267759507063350e-01,2.522411842306368501e-01,1.248607208837247457e-25
2.587684081857281604e-01,2.560242378912852002e-01,2.352362965372777892e-01,2.517016952798302731e-01,2.000871902853381269e-25
2.583607629378941728e-01,2.561542776095184215e-01,2.351650698922115590e-01,2.513219748175236079e-01,6.152632659823280670e-26
2.580733849138825975e-01,2.562727815492680250e-01,2.351072724688349491e-01,2.510577113868522892e-01,7.162597912135834375e-25
2.578745906122164588e-01,2.563888395587647362e-01,2.350576467477762110e-01,2.508792796308674244e-01,1.772066319618938442e-24
2.577409313963683335e-01,2.565591605615565318e-01,2.349981681196237626e-01,2.507711880861585030e-01,1.010633863133685133e-25
2.577832197218398735e-01,2.567014641206876169e-01,2.349615004926882134e-01,2.508306701071441602e-01,1.010739081275795720e-24
2.579103386846964274e-01,2.568067706492944136e-01,2.349425031652180584e-01,2.509679383149082121e-01,1.380681140985549760e-24
2.583195206951879874e-01,2.569841188986845548e-01,2.349271719844822637e-01,2.513890110050128190e-01,1.221802984958166485e-26
2.595380629438251985e-01,2.572713385685510001e-01,2.349503524333701465e-01,2.526121343167784805e-01,3.988950119236838731e-27
2.630722229243159238e-01,2.577333113060565895e-01,2.351273335823263200e-01,2.561127278062769741e-01,1.489358738976544571e-27
2.701772869269038480e-01,2.582962983860123130e-01,2.356060597309126980e-01,2.631056393930987225e-01,4.369349726759382571e-25
2.772935362557487071e-01,2.587093306505322543e-01,2.361533646639406014e-01,2.700923157456764367e-01,3.688951728453471604e-26
2.844130972161315607e-01,2.590592154306553541e-01,2.367440006408837727e-01,2.770757663926407544e-01,1.342593031294742596e-26
2.898838363950763108e-01,2.593044163910196986e-01,2.372218413265364811e-01,2.824398572682216280e-01,3.584201917267505633e-28
2.937914810512076147e-01,2.594715570392086557e-01,2.375747538848118623e-01,2.862707779040126188e-01,6.249992704041137625e-24
2.965825506301115744e-01,2.595880074291874173e-01,2.378324761458990855e-01,2.890069052290608620e-01,1.371284982608555200e-23
2.985760915451807773e-01,2.596700153742781403e-01,2.380193698613665698e-01,2.909611704792635645e-01,1.691648076052305911e-24
2.999999999999999889e-01,2.597280970367745745e-01,2.381542763447576927e-01,2.923570214800639833e-01,1.027833651627700630e-17
3.014238624022927970e-01,2.597858253819856356e-01,2.382903472334381711e-01,2.937528309319697439e-01,4.654862537665647202e-25
3.034171846894504476e-01,2.598661430352671720e-01,2.384827862787734232e-01,2.957068980068520703e-01,1.177165387289780738e-23
3.062076508994847068e-01,2.599778136736005107e-01,2.387559683472515182e-01,2.984424702292578502e-01,4.010834763295814147e-23
3.101138949403297596e-01,2.601331505575181779e-01,2.391457328673340377e-01,3.022720519019069241e-01,3.656285602700407799e-23
3.155817205307701045e-01,2.603498889490299950e-01,2.397055894445326851e-01,3.076330796861702077e-01,3.438026942048771198e-23
3.226964685154417589e-01,2.606331886733042058e-01,2.404588816704415766e-01,3.146100824198767021e-01,2.425074347822544877e-27
3.298087990638755018e-01,2.609207309675520281e-01,2.412399763177207057e-01,3.215864909503039493e-01,3.630641498253459109e-27
3.369183741375112451e-01,2.612152651754687804e-01,2.420490170890968740e-01,3.285623753880583253e-01,9.209361803695965779e-27
3.440248476799212529e-01,2.615193222265552730e-01,2.428862979602370575e-01,3.355377920948226511e-01,1.201790842681369215e-27
3.511278528285989853e-01,2.618353443625151544e-01,2.437522351397093112e-01,3.425127897759380202e-01,5.239575281703455841e-27
3.582269904510724245e-01,2.621657838900333104e-01,2.446473502964369440e-01,3.494874141183613725e-01,7.112319456874978582e-27
3.653218175382826893e-01,2.625131866367867994e-01,2.455722612485902456e-01,3.564617116516972661e-01,7.052185151687540095e-27
3.724118343355514171e-01,2.628802701655096330e-01,2.465276778561221738e-01,3.634357332602942137e-01,1.244903556612062869e-26
3.794964691327910589e-01,2.632700042648117300e-01,2.475144018867604101e-01,3.704095376330281408e-01,2.037741031363244163e-26
3.865750594735982704e-01,2.636857004177907138e-01,2.485333302469762695e-01,3.773831948555106952e-01,2.635239853387054584e-26
3.936468281789070045e-01,2.641311173403946833e-01,2.495854613910964970e-01,3.843567902930022373e-01,1.219787479889706766e-26
4.007108519570825589e-01,2.646105911898831708e-01,2.506719050550977879e-01,3.913304288558908661e-01,3.313899302620818848e-26
4.077660193609991546e-01,2.651292018894026992e-01,2.517938957771221897e-01,3.983042396540164010e-01,4.928509011709405598e-26
4.148109732169806274e-01,2.656929917615028502e-01,2.529528110196701540e-01,4.052783808836921686e-01,2.903170975007266154e-26
4.218440299583768871e-01,2.663092603964358207e-01,2.541501951544645199e-01,4.122530444605620459e-01,1.166145288068208276e-25
4.288630637445933758e-01,2.669869723876892031e-01,2.553877911782114762e-01,4.192284592230779983e-01,5.221640185802755060e-26
4.358653352869224507e-01,2.677373359413804943e-01,2.566675828859996678e-01,4.262048900761877812e-01,1.217723961827912343e-25
4.428472308242276667e-01,2.685746474892858893e-01,2.579918514542456354e-01,4.331826273003272498e-01,4.044856389798603177e-26
4.498038491160356589e-01,2.695175644705122830e-01,2.593632520887824700e-01,4.401619532387285871e-01,4.769734469009913868e-26
4.567283189002150912e-01,2.705910951726482327e-01,2.607849185248754531e-01,4.471430572615762156e-01,1.038538368408815286e-25
4.636106105928425314e-01,2.718298472792332610e-01,2.622606048405402013e-01,4.541258298026151219e-01,4.824661742534118865e-25
4.704353319378083986e-01,2.732836135187152737e-01,2.637948708333768821e-01,4.611093605498087222e-01,3.552436391873864189e-26
4.771773037218721147e-01,2.750275990946891014e-01,2.653932897144609115e-01,4.680906614305676561e-01,6.647433813067892213e-25
4.837917488121930565e-01,2.771826403728467891e-01,2.670625181040313656e-01,4.750611541629399803e-01,3.578328782906066425e-24
4.901895624693933251e-01,2.799589924284022757e-01,2.688093874671946271e-01,4.819958185863680300e-01,8.089832380047471218e-25
4.961640453222628255e-01,2.837602007494655632e-01,2.706344696776702974e-01,4.888137997115848399e-01,1.000405625158241814e-28
5.011367306655022391e-01,2.894192732189378447e-01,2.724924319797669692e-01,4.952067906922414386e-01,4.442138603232908274e-27
5.034983041625561428e-01,2.980674877315556692e-01,2.740879385715163652e-01,4.999837627524630901e-01,8.998334528262926412e-27
5.021412141696924847e-01,3.080187054483941589e-01,2.748733112857830729e-01,5.016311108947985042e-01,7.496050942990971072e-26
4.988192359483960003e-01,3.174507903815026455e-01,2.750490032617419200e-01,5.013018674936093877e-01,1.000571046399447707e-26
4.946712966793523347e-01,3.264229013308040939e-01,2.749173566078537134e-01,5.000994143803789704e-01,1.243681029328969335e-27
4.901283091896879718e-01,3.351036390413546506e-01,2.746148974967219658e-01,4.984854441079421550e-01,0.000000000000000000e+00
4.853826449679742860e-01,3.435970729738204166e-01,2.742075016017282985e-01,4.966777164669533562e-01,0.000000000000000000e+00
4.805395583854108477e-01,3.519569213086311543e-01,2.737319220772003736e-01,4.947985874373759807e-01,0.000000000000000000e+00
4.756713809246496116e-01,3.601942146056992811e-01,2.732124071399383292e-01,4.929289941868807978e-01,0.000000000000000000e+00
4.708444157725766854e-01,3.682667332185877163e-01,2.726690928415096971e-01,4.911305563609261182e-01,2.380065760163377031e-27
4.661415469723311777e-01,3.760453394165296781e-01,2.721241677439867335e-01,4.894545003300933561e-01,3.291455465220608596e-26
4.616860423432626592e-01,3.832658789723673576e-01,2.716071356553853566e-01,4.879415012269888163e-01,2.109707083824360792e-25
4.576383592016243784e-01,3.895502349976525114e-01,2.711535870677389548e-01,4.866101286069033360e-01,2.083977857098241974e-26
4.541114964885286653e-01,3.946245870835877190e-01,2.707886077419917048e-01,4.854395802429842255e-01,3.752827880502392039e-26
4.510848842180377183e-01,3.985295253858808229e-01,2.705114438637577501e-01,4.843767769521739042e-01,4.829242487054490984e-26
4.484550574701793302e-01,4.015100630221528077e-01,2.703047967214109448e-01,4.833703183251332747e-01,8.760082130796983321e-27
4.461221123959714929e-01,4.038213845508206723e-01,2.701500892752530247e-01,4.823897179157859427e-01,2.322481919155592038e-27
4.440190220802776588e-01,4.056574073265329372e-01,2.700330687720541856e-01,4.814235745924586585e-01,1.100640499186482776e-27
4.421078835426213161e-01,4.071524419636265990e-01,2.699437583563181753e-01,4.804725688407871509e-01,5.810047695700442765e-28
4.403701067959231996e-01,4.083980434778643476e-01,2.698752336504645077e-01,4.795440069191469479e-01,1.847021073989905684e-27
4.387984616466343857e-01,4.094573880617470296e-01,2.698225791881900815e-01,4.786483862838044057e-01,4.337748211503818574e-28
4.373917573151366311e-01,4.103750413396063390e-01,2.697821881679202116e-01,4.777973201348716392e-01,2.326237315915622500e-23
4.361515239075633432e-01,4.111832292962526725e-01,2.697513210311825449e-01,4.770023017184931713e-01,2.450653792857403788e-23
4.350800468747355598e-01,4.119058395850890841e-01,2.697278297015704984e-01,4.762740020635723992e-01,3.351246301075328660e-23
4.341792809930850039e-01,4.125610078281603532e-01,2.697099824558011893e-01,4.756219177300405887e-01,2.594353730209390463e-23
4.334503156399539536e-01,4.131628241717621441e-01,2.696963494589746380e-01,4.750542463778856805e-01,1.718698125929050019e-23
4.328931647181717968e-01,4.137224869071831068e-01,2.696857249240258714e-01,4.745779012200297409e-01,4.465340355764042483e-23
4.325067261470621482e-01,4.142491028153506560e-01,2.696770718350287033e-01,4.741985977297232258e-01,1.811971307984810261e-23
4.322888074785085077e-01,4.147502578285579000e-01,2.696694810111284757e-01,4.739209635785517349e-01,1.690542488185663722e-23
4.322361511790225874e-01,4.152324359953657451e-01,2.696621397006308540e-01,4.737486370600537122e-01,2.055855361202203827e-23
4.323444187966534180e-01,4.157013371536761870e-01,2.696543068768548213e-01,4.736843303091924917e-01,1.397269292002422968e-23
4.326081105224148793e-01,4.161621268681046093e-01,2.696452935683147367e-01,4.737298417183356536e-01,2.688201884126518879e-23
4.330204084345092852e-01,4.166196418371231336e-01,2.696344472516169488e-01,4.738860078294883649e-01,3.422628045450736600e-23
4.335729407627842980e-01,4.170785676850746748e-01,2.696211397620439376e-01,4.741525898246173876e-01,3.384411600691600871e-23
4.342554733762510333e-01,4.175436024583615846e-01,2.696047584267574626e-01,4.745280949762350486e-01,4.906303334834859017e-24
4.350555454708634473e-01,4.180196175510427214e-01,2.695847002200700837e-01,4.750095405676651450e-01,1.477156669833427414e-23
4.359580803384515701e-01,4.185118279661023677e-01,2.695603686482173078e-01,4.755921781224636824e-01,7.657642023873208642e-24
4.369450187276964215e-01,4.190259859226912464e-01,2.695311727247055034e-01,4.762692097827457283e-01,2.578201924344502710e-23
4.379950386314349076e-01,4.195686163500416122e-01,2.694965267171217094e-01,4.770315452110535093e-01,1.974655727034282725e-23
4.390834349480992049e-01,4.201473206696986207e-01,2.694558482814179978e-01,4.778676628666395088e-01,1.902203391568151467e-23
4.401822261990688268e-01,4.207711879225917717e-01,2.694085511757576268e-01,4.787636478109770777e-01,2.292621230332748794e-23
4.412605245327411163e-01,4.214513721885573827e-01,2.693540270831534800e-01,4.797034725156912871e-01,6.058880118102612769e-24
4.422851467689733473e-01,4.222019267619041005e-01,2.692916093116174414e-01,4.806695642595431583e-01,1.171433202736828732e-23
4.432213666100650595e-01,4.230410369693472505e-01,2.692205092369108765e-01,4.816436685029782949e-01,8.364134230126619532e-24
4.440336308719434744e-01,4.239928805025454661e-01,2.691397137824827479e-01,4.826079905973301720e-01,3.888541593548650064e-24
4.446860082295682748e-01,4.250904953391771435e-01,2.690478278105111754e-01,4.835466083550811200e-01,1.211545756640262583e-23
4.451421229756129527e-01,4.263802998267697264e-01,2.689428375079782052e-01,4.844472348002789031e-01,2.110822039953769485e-28
4.453643628699244239e-01,4.279293580210823400e-01,2.688217595536442905e-01,4.853036311751707799e-01,3.538811380738956990e-28
4.453123111354609365e-01,4.298371489396067280e-01,2.686801358115780691e-01,4.861194341261036445e-01,4.083911231449482892e-28
4.449409874637260121e-01,4.322540860180700828e-01,2.685113839098888788e-01,4.869150824987079629e-01,6.727646093409508463e-28
4.442019007908811212e-01,4.354065940592329875e-01,2.683063332640601706e-01,4.877410793556126167e-01,4.378471189146824755e-27
4.430576756962945617e-01,4.396111486694743165e-01,2.680545429743570462e-01,4.887013087225531849e-01,8.346168290918883309e-27
4.415346424479626442e-01,4.452005501046455982e-01,2.677519396829667331e-01,4.899776664108213553e-01,4.843894424994957495e-27
4.398090575150330750e-01,4.522546082854936311e-01,2.674171137155205158e-01,4.918017499486437294e-01,1.508072384672631683e-25
4.381818116743704805e-01,4.603901807683135061e-01,2.670948163964420030e-01,4.943342058342010681e-01,5.540856128285544654e-26
4.368888140830723965e-01,4.690539826539555923e-01,2.668295102187224210e-01,4.975947735356222590e-01,5.077213500759403180e-26
4.360130955333532121e-01,4.778564333269121889e-01,2.666469340048167047e-01,5.015134268667984507e-01,9.796928652895620199e-27
4.355346221875632806e-01,4.865958765172723188e-01,2.665570300614743537e-01,5.059892464464853523e-01,5.992033921669714785e-27
4.353878069091354774e-01,4.951863468044239713e-01,2.665609021417165714e-01,5.109192319621088663e-01,2.713096981563967285e-28
4.354930837282946499e-01,5.036040011716227394e-01,2.666554061577650070e-01,5.162100263607354300e-01,3.941970019047691712e-28
4.357711431488084375e-01,5.118569126660926782e-01,2.668356600614621432e-01,5.217814678616047308e-01,4.578325011493129793e-25
4.361483577084047103e-01,5.199685998959824307e-01,2.670963111248094157e-01,5.275661825334159172e-01,6.282729736963743640e-25
4.365580909717709512e-01,5.279690613735473770e-01,2.674321026192715278e-01,5.335075363020149730e-01,5.442469919202111226e-25
4.369402791339289105e-01,5.358899170750947016e-01,2.678380584894274885e-01,5.395571816626076878e-01,1.053036207303888352e-25
4.372404651151040600e-01,5.437617750737321343e-01,2.683094686902203763e-01,5.456727718020141227e-01,1.079306954694026287e-25
4.374088373928458617e-01,5.516127693161290146e-01,2.688417763123578941e-01,5.518160519092674132e-01,4.891489214398723190e-27
4.373995203174859125e-01,5.594676825517315155e-01,2.694304222593250642e-01,5.579513783869748389e-01,7.360749738443582420e-26
4.371702156907186221e-01,5.673473429792597056e-01,2.700706801277420466e-01,5.640446623644808088e-01,5.984130194340522685e-27
4.366822218181021231e-01,5.752681496081348822e-01,2.707575040686938106e-01,5.700627264632084357e-01,1.122807434034996882e-25
4.359008084059117216e-01,5.832416875074406537e-01,2.714854094622875524e-01,5.759730683273719398e-01,1.217802977703335840e-25
4.347958804270842248e-01,5.912744635281173000e-01,2.722484056212940429e-01,5.817440213223563639e-01,1.347435037651046543e-25
4.333428149874690161e-01,5.993678331472870324e-01,2.730399977527090960e-01,5.873452815976396568e-01,4.958528643092423170e-25
4.315233093117284979e-01,6.075181979218809980e-01,2.738532692642512978e-01,5.927487297825083656e-01,6.844499719383077752e-25
4.293260518966808825e-01,6.157175274317137070e-01,2.746810441179297624e-01,5.979294237492120967e-01,2.384565760364160106e-25
4.267470410021259042e-01,6.239542034206132515e-01,2.755161138676874288e-01,6.028665948706801725e-01,2.840122060463567090e-25
4.237894333582564177e-01,6.322141132224886606e-01,2.763514995523915219e-01,6.075444661538887958e-01,1.614517372672520238e-25
4.204629005456660407e-01,6.404818598768584614e-01,2.771807101343163326e-01,6.119527405190325897e-01,4.706058718167155965e-25
4.167825722377669906e-01,6.487419310369106906e-01,2.779979603427552015e-01,6.160866772141803116e-01,1.858173083815725522e-25
4.127677208767809303e-01,6.569796868100523657e-01,2.787983213245044944e-01,6.199467616634888323e-01,4.593853459820058873e-26
4.084403701032292000e-01,6.651820781266495342e-01,2.795777932864665360e-01,6.235380498335343358e-01,8.220479981585022650e-26
4.038239893038097494e-01,6.733380702784932392e-01,2.803333047121098209e-01,6.268693113258468896e-01,8.843466458405663581e-26
3.989423860989475545e-01,6.814387995994255487e-01,2.810626534465633375e-01,6.299521009560220541e-01,2.880404402629358688e-25
3.938188499423374012e-01,6.894775231272269878e-01,2.817644094728459225e-01,6.327998657870594901e-01,1.942779733267872798e-25
3.884755505423562738e-01,6.974494307492512535e-01,2.824377985029267180e-01,6.354271585789563748e-01,1.062156631629150985e-25
3.829331624097271347e-01,7.053513830052627887e-01,2.830825817017920132e-01,6.378489926485334527e-01,4.185220470164314281e-26
3.772106714057757992e-01,7.131816233878360833e-01,2.836989420221044944e-01,6.400803449180885174e-01,5.459273263269915348e-26
3.713253164124917793e-01,7.209394980334067338e-01,2.842873831474393431e-01,6.421357957653663906e-01,4.506742862226124698e-26
3.652926239937278052e-01,7.286252018467642699e-01,2.848486435794040372e-01,6.440292850641600175e-01,9.915767301158065292e-26
3.591265019232632305e-01,7.362395597615065679e-01,2.853836260745051812e-01,6.457739610207673397e-01,7.531974290563074741e-26
3.528393659649440295e-01,7.437838449927206552e-01,2.858933412745119362e-01,6.473820995272392409e-01,5.490965845238145340e-26
3.464422818580362162e-01,7.512596321206872485e-01,2.863788637204209842e-01,6.488650747913915495e-01,8.077735734530578375e-27
3.399451105399969308e-01,7.586686808400773252e-01,2.868412982467245520e-01,6.502333656591451350e-01,1.473201893850493246e-26
3.333566492002356108e-01,7.660128454994101777e-01,2.872817548272268984e-01,6.514965855841633458e-01,3.821421182451381932e-27
3.266847640056186330e-01,7.732940055973427373e-01,2.877013301506424203e-01,6.526635272694800705e-01,1.999547523002240161e-27
3.199365125549314959e-01,7.805140128273984068e-01,2.881010944613517366e-01,6.537422155048741024e-01,4.064814022836235968e-27
3.131182555721596095e-01,7.876746508387055812e-01,2.884820824581404430e-01,6.547399636631104913e-01,1.634808073637967952e-26
3.062357582660254485e-01,7.947776044739758294e-01,2.888452872786920755e-01,6.556634307781720183e-01,5.248344177828572450e-27
2.992942823398935248e-01,8.018244357865689231e-01,2.891916567995254095e-01,6.565186771973310353e-01,3.851951667923512468e-27
2.922986699612291073e-01,8.088165645940137427e-01,2.895220916479113726e-01,6.573112175621803610e-01,3.467713097691951271e-27
2.852534211875950021e-01,8.157552516863186831e-01,2.898374444577720421e-01,6.580460704109319936e-01,1.010204982089681372e-27
2.781627664600198613e-01,8.226415830738426083e-01,2.901385200082580718e-01,6.587278040599801043e-01,6.506087515356176996e-27
2.710307358616398377e-01,8.294764538374275187e-01,2.904260759672738224e-01,6.593605786676937086e-01,1.305156123119746357e-26
2.638612269316015779e-01,8.362605502391532442e-01,2.907008240266092391e-01,6.599481845412482617e-01,3.605076248417331615e-27
2.566580729449102760e-01,8.429943287711366695e-01,2.909634312643297749e-01,6.604940768442524313e-01,1.122198080612480801e-26
2.494251137355220638e-01,8.496779907665792386e-01,2.912145216067503761e-01,6.610014069174342533e-01,6.330031138914863584e-27
2.421662713656771715e-01,8.563114510753788711e-01,2.914546772897173010e-01,6.614730504517063459e-01,8.705874113359721179e-27
2.348856332364950283e-01,8.628942991197600110e-01,2.916844402385386781e-01,6.619116327603560279e-01,5.243471915169782052e-27
2.275875455941719361e-01,8.694257504009308413e-01,2.919043133001641976e-01,6.623195513936764867e-01,6.372357164904987756e-27
2.202767208000825094e-01,8.759045862408816330e-01,2.921147612714432573e-01,6.626989963293615782e-01,8.425485378971300261e-27
2.129583621665833149e-01,8.823290792453282183e-01,2.923162116751619743e-01,6.630519679594248927e-01,1.127891611668173252e-26
2.056383105386378751e-01,8.886969017248036451e-01,2.925090552433379787e-01,6.633802930835425160e-01,4.600685109681953096e-26
1.983232169829262370e-01,8.950050142200592918e-01,2.926936460771577542e-01,6.636856391119149157e-01,1.856517457713309948e-27
1.910207456832058448e-01,9.012495315329218659e-01,2.928703014691951267e-01,6.639695266832327247e-01,1.296554740586918196e-26
1.837398100238330223e-01,9.074255645697684169e-01,2.930393014009666786e-01,6.642333409184948412e-01,1.851913360473513012e-26
1.764908422376198216e-01,9.135270383305169606e-01,2.932008877752190767e-01,6.644783415658677139e-01,2.211128142005386462e-26
1.692860919860457170e-01,9.195464901874276231e-01,2.933552635169367484e-01,6.647056723509895404e-01,7.576899348659556962e-26
1.621399406535400656e-01,9.254748590384068718e-01,2.935025917897811643e-01,6.649163699341722467e-01,6.296756036579688413e-26
1.550692047375621940e-01,9.313012858487489387e-01,2.936429957332365448e-01,6.651113729892450532e-01,1.566683400615368639e-25
1.480933827877888853e-01,9.370129599457793779e-01,2.937765593262838815e-01,6.652915320412490230e-01,1.981332622930365178e-25
1.412347768857188934e-01,9.425950623208491086e-01,2.939033301955104593e-01,6.654576207862584747e-01,1.763071121837781854e-25
1.345183962231895070e-01,9.480308735711880930e-01,2.940233253368985111e-01,6.656103495886404042e-01,2.080986834769657960e-25
1.279715370103237104e-01,9.533021223932420796e-01,2.941365406801685345e-01,6.657503815916392398e-01,6.587874449789629531e-25
1.216229454937669957e-01,9.583896391194661746e-01,2.942429650240851458e-01,6.658783512739271382e-01,1.792241766530389710e-24
1.155015260619936257e-01,9.632743357519625294e-01,2.943425979831514328e-01,6.659948843175436117e-01,3.238910283992602822e-25
1.096346602438925122e-01,9.679384558732402333e-01,2.944354702677702829e-01,6.661006165118641409e-01,4.903842233833986913e-24
1.040463350385068403e-01,9.723669406725277131e-01,2.945216632508809718e-01,6.661962085675490197e-01,2.738599139372170968e-24
9.875538970312677800e-02,9.765486794569767648e-01,2.946013240154937707e-01,6.662823537417545960e-01,2.939396124352900422e-24
9.377421694318557877e-02,9.804773995952975607e-01,2.946746725374592146e-01,6.663597764136736101e-01,3.834429312899443812e-24
8.910816527839923729e-02,9.841520233076255231e-01,2.947419994120638598e-01,6.664292219066973999e-01,2.005732658759794203e-24
8.475571272588304506e-02,9.875764530954161957e-01,2.948036549219230640e-01,6.664914400435890673e-01,4.107990911937087894e-24
8.070929467748978736e-02,9.907588854597306760e-01,2.948600322308279620e-01,6.665471661906976486e-01,1.299454878536885330e-24
7.695654656750884615e-02,9.937108386303239449e-01,2.949115483249605263e-01,6.665971034848906518e-01,5.742274443261614231e-25
7.348169527367644227e-02,9.964460939376598159e-01,2.949586259438218838e-01,6.666419088385830971e-01,2.724843649847996167e-25
7.026688289978365309e-02,9.989797087681311361e-01,2.950016786319746842e-01,6.666821838564372937e-01,7.692430908687709882e-25
6.729328992494622297e-02,1.001327194554191946e+00,2.950410998056802736e-01,6.667184705580216919e-01,6.640927030210346478e-25
6.454200432381895780e-02,1.003503893580588446e+00,2.950772557717032396e-01,6.667512510539026493e-01,6.985905286020931349e-25
6.199464009475393056e-02,1.005524546960970156e+00,2.951104820867469503e-01,6.667809500510055720e-01,3.431378598331270852e-25
5.963373986509086511e-02,1.007403024268673120e+00,2.951410824471033534e-01,6.668079391138540535e-01,7.564204475940742133e-26
5.744300759738932977e-02,1.009152178206597306e+00,2.951693293224000869e-01,6.668325418147039718e-01,2.070359667901201365e-25
5.540741660619896009e-02,1.010783789389757326e+00,2.951954656794372189e-01,6.668550391506037345e-01,1.854067800845465465e-25
5.351323145102500345e-02,1.012308572017153185e+00,2.952197073030837782e-01,6.668756748244496491e-01,5.071673754117199566e-26
5.174797388999632930e-02,1.013736217922520222e+00,2.952422453697678972e-01,6.668946601571560384e-01,5.545875233969756667e-26
5.010035513153514308e-02,1.015075462672724971e+00,2.952632490486963301e-01,6.669121785176720385e-01,9.733050299233668966e-26
4.856019000340765224e-02,1.016334162431391963e+00,2.952828679945384560e-01,6.669283892354163079e-01,1.116647917011181160e-25
4.711830355376547819e-02,1.017519374141582444e+00,2.953012346568815727e-01,6.669434310063606652e-01,7.063400381027439974e-27
4.576643685971019254e-02,1.018637434352898552e+00,2.953184663726602932e-01,6.669574248295532248e-01,3.819721753385410186e-26
4.449715618415757412e-02,1.019694033944291034e+00,2.953346672332716194e-01,6.669704765223541942e-01,3.394313832297723064e-26
4.330376782396008067e-02,1.020694287287879920e+00,2.953499297333844753e-01,6.669826788660215833e-01,3.247179701520124749e-26
4.218023980179799737e-02,1.021642795240241153e+00,2.953643362166143982e-01,6.669941134316079712e-01,3.671747733165061926e-26
4.112113079103697777e-02,1.022543701874219169e+00,2.953779601370872254e-01,6.670048521321373380e-01,2.452111716126220401e-27
4.012152619232180195e-02,1.023400745178009830e+00,2.953908671570790734e-01,6.670149585420327432e-01,1.430844873941985649e-26
3.917698100668430550e-02,1.024217302121210649e+00,2.954031161003968231e-01,6.670244890194162446e-01,8.810401588833372268e-26
3.828346900484035781e-02,1.024996428569775908e+00,2.954147597797837088e-01,6.670334936618143029e-01,6.292063449758011693e-27
3.743733762976958479e-02,1.025740894557279015e+00,2.954258457150780171e-01,6.670420171214193061e-01,2.661510738544852747e-26
3.663526805829152994e-02,1.026453215411170072e+00,2.954364167568013788e-01,6.670500993017853819e-01,9.436747405417044335e-26
3.587423986640801005e-02,1.027135679204691066e+00,2.954465116281921877e-01,6.670577759545255336e-01,1.628338921987822664e-26
3.515149977906292106e-02,1.027790370967237576e+00,2.954561653969230428e-01,6.670650791915126998e-01,1.012795950686866470e-26
3.446453402898511792e-02,1.028419194044258189e+00,2.954654098862183331e-01,6.670720379255716814e-01,1.552112598860326727e-26
3.381104389599490917e-02,1.029023888955840516e+00,2.954742740338482387e-01,6.670786782506986645e-01,2.631334670092272391e-26
3.318892404425245746e-02,1.029606050063049061e+00,2.954827842060197551e-01,6.670850237707384167e-01,2.084073875249788385e-26
3.259624331860493801e-02,1.030167140313986707e+00,2.954909644724965090e-01,6.670910958843992988e-01,2.335207606793889453e-26
3.203122770139602699e-02,1.030708504307890516e+00,2.954988368481215599e-01,6.670969140329287006e-01,1.439801061390611932e-26
3.149224516751468472e-02,1.031231379885506172e+00,2.955064215052828902e-01,6.671024959158953216e-01,6.345248357221543301e-27
3.097779220798830765e-02,1.031736908427370869e+00,2.955137369611989251e-01,6.671078576796538595e-01,2.549633266451472129e-26
3.048648182122947956e-02,1.032226144018251857e+00,2.955208002433540315e-01,6.671130140823764432e-01,2.576702293060261947e-26
3.001703279639806807e-02,1.032700061615551279e+00,2.955276270358798696e-01,6.671179786388449218e-01,1.843248317994917337e-26
2.956826013554974056e-02,1.033159564341692205e+00,2.955342318093837073e-01,6.671227637478494010e-01,2.827556283654414641e-26
2.913906648062961416e-02,1.033605490005026661e+00,2.955406279362924882e-01,6.671273808045017351e-01,1.296874591316666885e-26
2.872843442826939625e-02,1.034038616940397226e+00,2.955468277935424104e-01,6.671318402994887986e-01,4.198811859512706803e-26
2.833541963004174852e-02,1.034459669248849023e+00,2.955528428541666641e-01,6.671361519069669566e-01,1.298394521750599530e-26
2.795914458861536306e-02,1.034869321505914819e+00,2.955586837691255853e-01,6.671403245625507905e-01,1.232645379174656450e-26
2.759879307135537987e-02,1.035268202999171328e+00,2.955643604405920333e-01,6.671443665327025929e-01,1.577127840544211695e-26
2.725360507257341275e-02,1.035656901548191344e+00,2.955698820876548338e-01,6.671482854765390380e-01,1.874954073341536790e-26
2.692287226402796663e-02,1.036035966953461784e+00,2.955752573053674892e-01,6.671520885010387980e-01,2.571729551495424139e-26
2.660593388057679032e-02,1.036405914115139826e+00,2.955804941178632461e-01,6.671557822103965085e-01,6.095654779776466217e-27
2.630217299425018432e-02,1.036767225857578856e+00,2.955856000263029637e-01,6.671593727503325466e-01,3.345898454981103186e-26
2.601101313554414832e-02,1.037120355491240931e+00,2.955905820520791094e-01,6.671628658477671836e-01,3.321904319266467550e-26
2.573191522558588434e-02,1.037465729139889881e+00,2.955954467759969173e-01,6.671662668466288304e-01,1.239295446422943465e-26
2.546437478703001203e-02,1.037803747857665826e+00,2.956002003737002726e-01,6.671695807400400691e-01,1.192821874238148744e-26
2.520791940524818447e-02,1.038134789557820792e+00,2.956048486478388693e-01,6.671728121993920624e-01,1.859986256339462305e-26
2.496210641460532703e-02,1.038459210772383789e+00,2.956093970573175356e-01,6.671759656006518435e-01,1.353389219034130232e-26
2.472652078744965592e-02,1.038777348259854794e+00,2.956138507438952900e-01,6.671790450481600576e-01,1.642429312242623230e-26
2.450077320593377350e-02,1.039089520476110806e+00,2.956182145564323904e-01,6.671820543962169170e-01,2.252489762141420222e-26
2.428449829897397563e-02,1.039396028922038751e+00,2.956224930730518841e-01,6.671849972687229346e-01,1.690544639230783982e-26
2.407735302857651888e-02,1.039697159379926239e+00,2.956266906213727563e-01,6.671878770770182099e-01,8.345641944751762517e-28
2.387901521146191738e-02,1.039993183049348513e+00,2.956308112970267854e-01,6.671906970361297651e-01,4.675654399124908632e-27
2.368918216341833749e-02,1.040284357592155429e+00,2.956348589806713778e-01,6.671934601796397635e-01,5.519847618326104024e-27
2.350756945513474833e-02,1.040570928095138070e+00,2.956388373535743797e-01,6.671961693732302301e-01,1.523680502935288390e-26
2.333390976944501455e-02,1.040853127958073943e+00,2.956427499119547719e-01,6.671988273270982317e-01,5.751900928962928383e-27
2.316795185095039261e-02,1.041131179714062549e+00,2.956465999801906053e-01,6.672014366073326652e-01,1.536583432678656538e-26
2.300945953991288123e-02,1.041405295788354168e+00,2.956503907229872108e-01,6.672039996463504652e-01,1.332279236314066325e-26
2.285821088313418070e-02,1.041675679201266025e+00,2.956541251566204287e-01,6.672065187524924834e-01,1.310048767795001727e-26
2.271399731526426227e-02,1.041942524220220267e+00,2.956578061593090889e-01,6.672089961188337748e-01,2.504135872273557823e-26
2.257662290464067939e-02,1.042206016965457449e+00,2.956614364808500817e-01,6.672114338313339665e-01,2.487673533210601640e-26
2.244590365833671469e-02,1.042466335973533775e+00,2.956650187515277861e-01,6.672138338763343723e-01,1.451595058683832941e-26
2.232166688162160600e-02,1.042723652722330918e+00,2.956685554903960012e-01,6.672161981474926673e-01,2.460908184339210402e-27
2.220375058750230848e-02,1.042978132120952139e+00,2.956720491129681272e-01,6.672185284521903181e-01,6.266994061047827588e-27
2.209200295243441553e-02,1.043229932967577600e+00,2.956755019383927596e-01,6.672208265174831565e-01,2.977385001492588894e-27
2.198628181466728837e-02,1.043479208378066847e+00,2.956789161961335122e-01,6.672230939956078632e-01,1.171033020805143427e-26
2.188645421202637525e-02,1.043726106187856884e+00,2.956822940322128557e-01,6.672253324691029830e-01,7.501448227040975045e-27
2.179239595624318099e-02,1.043970769329474635e+00,2.956856375150613836e-01,6.672275434555825502e-01,7.328690940419735250e-27
2.170399124121673989e-02,1.044213336187793217e+00,2.956889486409795542e-01,6.672297284121571082e-01,1.843259778404613818e-26
2.162113228284322231e-02,1.044453940934975122e+00,2.956922293392916234e-01,6.672318887395947140e-01,1.702936483828954858e-26
2.154371898827465645e-02,1.044692713846892662e+00,2.956954814771683981e-01,6.672340257861745227e-01,1.110429292900787508e-26
2.147165865267560217e-02,1.044929781602671470e+00,2.956987068641891425e-01,6.672361408513193259e-01,2.120217111643558152e-26
2.140486568173118748e-02,1.045165267568873402e+00,2.957019072566332007e-01,6.672382351889796226e-01,1.478323073259098342e-26
2.134326133833632996e-02,1.045399292069721708e+00,2.957050843615555702e-01,6.672403100108289520e-01,6.581012762676595213e-27
2.128677351204672982e-02,1.045631972644672336e+00,2.957082398406383206e-01,6.672423664892573880e-01,1.825349266077787910e-26
2.123533651002072059e-02,1.045863424294537491e+00,2.957113753138571610e-01,6.672444057601962797e-01,1.347626035792130037e-26
2.118889086831269447e-02,1.046093759717290350e+00,2.957144923629712041e-01,6.672464289257862280e-01,2.525100515554093155e-26
2.114738318249947610e-02,1.046323089534609174e+00,2.957175925348570211e-01,6.672484370568977363e-01,1.023795675062884951e-26
2.111076595673718262e-02,1.046551522510147603e+00,2.957206773446892645e-01,6.672504311955127498e-01,4.135006601242916448e-27
2.107899747045264421e-02,1.046779165760467478e+00,2.957237482790239791e-01,6.672524123570164889e-01,4.908003310082252609e-27
2.105204166196838339e-02,1.047006124959520168e+00,2.957268067987209315e-01,6.672543815323301875e-01,9.104195083769389624e-27
2.102986802846013720e-02,1.047232504537514153e+00,2.957298543418027115e-01,6.672563396899868771e-01,3.007076427699576986e-27
2.101245154172887153e-02,1.047458407874976016e+00,2.957328923262145248e-01,6.672582877781064736e-01,2.052496835928974219e-26
2.099977257935576810e-02,1.047683937492773332e+00,2.957359221524916704e-01,6.672602267262757181e-01,2.891122552268098582e-27
2.099181687088959650e-02,1.047909195238847069e+00,2.957389452063768354e-01,6.672621574473711625e-01,4.680327778642779943e-27
2.098857545879268677e-02,1.048134282472377166e+00,2.957419628613732199e-01,6.672640808393133227e-01,3.584223910688716522e-27
2.099004467394735216e-02,1.048359300246084924e+00,2.957449764812394855e-01,6.672659977867478887e-01,5.394019378783892802e-27
2.099622612560015505e-02,1.048584349487373668e+00,2.957479874224795413e-01,6.672679091627109482e-01,8.978667611291429239e-27
2.100712670569136048e-02,1.048809531178988230e+00,2.957509970367671048e-01,6.672698158302108329e-01,1.236588848515325265e-27
2.102275860759262108e-02,1.049034946539879387e+00,2.957540066733700401e-01,6.672717186437883141e-01,2.300950427892298851e-26
2.104313935934737367e-02,1.049260697206965132e+00,2.957570176815766394e-01,6.672736184510603685e-01,1.522054589174489460e-26
2.106829187158026570e-02,1.049486885418467574e+00,2.957600314130828245e-01,6.672755160941921115e-01,1.318117311496164849e-26
2.109824450032142529e-02,1.049713614199540013e+00,2.957630492244479603e-01,6.672774124114152494e-01,1.435105243527035645e-26
2.113303112506164164e-02,1.049940987550890714e+00,2.957660724795118101e-01,6.672793082384649299e-01,8.711994139203049169e-27
2.117269124244034254e-02,1.050169110641145487e+00,2.957691025518686123e-01,6.672812044100450146e-01,1.215342061132929831e-26
2.121727007604637394e-02,1.050398090003704876e+00,2.957721408273690233e-01,6.672831017612717019e-01,1.122329029261889432e-26
2.126681870290155971e-02,1.050628033738889799e+00,2.957751887066860652e-01,6.672850011291417971e-01,5.392337287818849014e-27
2.132139419728399515e-02,1.050859051722196069e+00,2.957782476078951173e-01,6.672869033539585715e-01,1.071756609708667205e-26
2.138105979265163617e-02,1.051091255819529335e+00,2.957813189691814171e-01,6.672888092808327842e-01,1.529904354928434789e-26
2.144588506252190913e-02,1.051324760110327716e+00,2.957844042515741512e-01,6.672907197611458452e-01,2.184316472996736561e-26
2.151594612128041040e-02,1.051559681119541567e+00,2.957875049417940105e-01,6.672926356540612725e-01,1.961235846877372446e-26
2.159132584600690491e-02,1.051796138059499119e+00,2.957906225551875101e-01,6.672945578280479184e-01,6.788224198720706228e-27
2.167211412053775613e-02,1.052034253082753557e+00,2.957937586388103002e-01,6.672964871624713634e-01,8.816175238886784280e-27
2.175840810311929427e-02,1.052274151547085035e+00,2.957969147745734273e-01,6.672984245491586641e-01,8.178776154944117671e-27
2.185031251916508960e-02,1.052515962293921969e+00,2.958000925826110850e-01,6.673003708940905554e-01,1.262817486858279857e-26
2.194793998078608394e-02,1.052759817941537612e+00,2.958032937247243588e-01,6.673023271190636763e-01,3.319653641793984097e-27
2.205141133495360645e-02,1.053005855194494744e+00,2.958065199080702756e-01,6.673042941634783620e-01,1.481151892536425801e-26
2.216085604234409659e-02,1.053254215170921881e+00,2.958097728889841904e-01,6.673062729861417575e-01,2.993315539962343706e-27
2.227641258914047143e-02,1.053505043749355385e+00,2.958130544770523063e-01,6.673082645671775115e-01,1.460920088294340503e-27
2.239822893429872785e-02,1.053758491937018205e+00,2.958163665393866437e-01,6.673102699099897617e-01,1.197171606733437063e-26
2.252646299505919880e-02,1.054014716261588491e+00,2.958197110051668521e-01,6.673122900433302584e-01,7.487755974913692093e-27
2.266128317377232027e-02,1.054273879188690310e+00,2.958230898704723444e-01,6.673143260234757346e-01,1.137538721955011453e-26
2.280286892943246199e-02,1.054536149567556036e+00,2.958265052033723364e-01,6.673163789364663367e-01,2.496561431798320461e-26
2.295141139768099720e-02,1.054801703107544286e+00,2.958299591493993574e-01,6.673184499005140324e-01,6.236025038443432773e-27
2.310711406343240668e-02,1.055070722888456825e+00,2.958334539373521088e-01,6.673205400685034983e-01,1.024762974783716331e-26
2.327019349073376417e-02,1.055343399907898938e+00,2.958369918855224268e-01,6.673226506306585426e-01,4.609446286319483427e-27
2.344088011495769688e-02,1.055619933669250221e+00,2.958405754083192063e-01,6.673247828173228813e-01,1.525217110579246703e-26
2.361941910299714814e-02,1.055900532814188608e+00,2.958442070234185706e-01,6.673269379019542979e-01,1.835926306453994140e-26
2.380607128774290746e-02,1.056185415804115735e+00,2.958478893593829429e-01,6.673291172042474795e-01,7.800887802754289844e-27
2.400111418383589490e-02,1.056474811655308654e+00,2.958516251639185524e-01,6.673313220935163104e-01,2.920445117965972297e-27
2.420484309246039717e-02,1.056768960733128981e+00,2.958554173126816678e-01,6.673335539922096160e-01,2.899788311116539740e-26
2.441757230383741900e-02,1.057068115611221160e+00,2.958592688188492748e-01,6.673358143797354369e-01,2.921124193753179526e-27
2.463963640706233818e-02,1.057372542002285254e+00,2.958631828433977984e-01,6.673381047964845880e-01,1.840112713344799036e-27
2.487139171805704402e-02,1.057682519767755736e+00,2.958671627062328113e-01,6.673404268481494261e-01,6.731786482243956371e-27
2.511321783767050259e-02,1.057998344014559500e+00,2.958712118982389505e-01,6.673427822103402685e-01,1.635116309514032655e-27
2.536551935338860614e-02,1.058320326288076929e+00,2.958753340943282018e-01,6.673451726335188905e-01,7.020379478872704180e-27
2.562872769973936760e-02,1.058648795871505177e+00,2.958795331675946327e-01,6.673475999482713084e-01,6.586202971582007862e-27
2.590330319431312367e-02,1.058984101203042760e+00,2.958838132047182379e-01,6.673500660709918986e-01,1.294343828340986007e-26
2.618973726840288785e-02,1.059326611423694553e+00,2.958881785226923911e-01,6.673525730099419961e-01,7.784505275681913800e-27
2.648855491364598622e-02,1.059676718070074353e+00,2.958926336870723595e-01,6.673551228717885531e-01,2.108301616216181117e-26
2.680031736874594755e-02,1.060034836928357871e+00,2.958971835318712773e-01,6.673577178686157518e-01,2.231853098058035894e-27
2.712562507344081983e-02,1.060401410067590033e+00,2.959018331812821034e-01,6.673603603254570915e-01,6.835410035157576049e-27
2.746512092040157005e-02,1.060776908072858626e+00,2.959065880734461085e-01,6.673630526884125613e-01,6.739180415098653643e-27
2.781949383977013607e-02,1.061161832501505309e+00,2.959114539864747817e-01,6.673657975333781023e-01,7.462745520694239831e-27
2.818948275566370357e-02,1.061556718588572368e+00,2.959164370669755129e-01,6.673685975754402033e-01,8.523253515835573041e-27
2.857588095925286606e-02,1.061962138231156594e+00,2.959215438613916338e-01,6.673714556790151242e-01,9.486197574831827198e-27
2.897954094909903355e-02,1.062378703285307591e+00,2.959267813504388167e-01,6.673743748687547273e-01,1.283504723122317192e-26
2.940137979641060592e-02,1.062807069213672850e+00,2.959321569870080881e-01,6.673773583412920818e-01,2.407235032144741614e-26
2.984238510091057062e-02,1.063247939127316410e+00,2.959376787379543461e-01,6.673804094779048901e-01,1.547648635976369466e-26
3.030362161225028453e-02,1.063702068271146661e+00,2.959433551302209087e-01,6.673835318581542442e-01,2.497576726826744563e-26
3.078623860255991218e-02,1.064170269009286685e+00,2.959491953017985844e-01,6.673867292745525592e-01,4.767610434723076807e-27
3.129147808800899350e-02,1.064653416374646389e+00,2.959552090580972461e-01,6.673900057483234116e-01,1.116796434893150155e-26
3.182068401141266434e-02,1.065152454256072634e+00,2.959614069344360110e-01,6.673933655463645254e-01,5.511686752685064935e-27
3.237531251424419915e-02,1.065668402306901852e+00,2.959678002653047812e-01,6.673968131993884834e-01,1.493044770502673778e-26
3.295694344522975133e-02,1.066202363670738062e+00,2.959744012612991471e-01,6.674003535213542948e-01,1.689192733679347142e-26
3.356729327434340021e-02,1.066755533634016428e+00,2.959812230946373690e-01,6.674039916301913733e-01,1.769669086732007664e-26
3.420822960588612571e-02,1.067329209330581063e+00,2.959882799942832321e-01,6.674077329697949423e-01,1.388182713337715600e-26
3.488178751279989026e-02,1.067924800641351091e+00,2.959955873519115599e-01,6.674115833333175152e-01,1.729498488982835114e-27
3.559018794683661835e-02,1.068543842452308601e+00,2.960031618399538433e-01,6.674155488875949116e-01,1.740265667788231960e-26
3.633585851600466821e-02,1.069188008456696926e+00,2.960110215432372738e-01,6.674196361986149961e-01,1.621824270506850069e-26
3.712145696208999507e-02,1.069859126712467079e+00,2.960191861057658302e-01,6.674238522577137234e-01,2.611373485066755481e-26
3.794989771701758052e-02,1.070559197193527989e+00,2.960276768944052894e-01,6.674282045081313397e-01,1.493000007763483010e-26
3.882438196703452693e-02,1.071290411602813242e+00,2.960365171813335583e-01,6.674327008713359932e-01,6.212165428280048513e-27
3.974843170719678798e-02,1.072055175745655786e+00,2.960457323471576419e-01,6.674373497722368986e-01,8.742663829323396741e-26
4.072592832350396819e-02,1.072856134791856375e+00,2.960553501067457183e-01,6.674421601621676192e-01,2.307022115390938313e-26
4.176115629272639934e-02,1.073696201781349613e+00,2.960654007595364678e-01,6.674471415378800954e-01,1.179965057964057441e-26
4.285885263467926337e-02,1.074578589747098079e+00,2.960759174660945181e-01,6.674523039543990288e-01,7.364051915753978565e-26
4.402426277885577305e-02,1.075506847832692348e+00,2.960869365518763452e-01,6.674576580285008776e-01,8.565045218550478898e-27
4.526320350204263154e-02,1.076484901760345725e+00,2.960984978384703092e-01,6.674632149286754412e-01,3.984239473652974380e-26
4.658213353269104184e-02,1.077517098941114027e+00,2.961106450009641233e-01,6.674689863458612704e-01,3.639700175146001130e-26
4.798823226660464680e-02,1.078608258388861652e+00,2.961234259476778208e-01,6.674749844373033536e-01,1.660683687514927231e-26
4.948948674499936001e-02,1.079763725366866378e+00,2.961368932149018862e-01,6.674812217333838671e-01,4.525763477513219357e-26
5.109478653444267382e-02,1.080989430309368116e+00,2.961511043638306862e-01,6.674877109940051678e-01,4.884701535106094885e-26
5.281402531012281687e-02,1.082291950946798753e+00,2.961661223588721858e-01,6.674944649969144495e-01,6.651141814025209681e-26
5.465820662837917593e-02,1.083678575622810225e+00,2.961820158951869453e-01,6.675014962352503467e-01,9.136963096493331700e-26
5.663954937899962766e-02,1.085157364391493795e+00,2.961988596272771557e-01,6.675088164953717484e-01,3.999136895853067332e-26
5.877158547595978666e-02,1.086737202460967167e+00,2.962167342286954330e-01,6.675164362790904082e-01,8.089441037821227205e-26
6.106923818164276124e-02,1.088427837723352942e+00,2.962357261841831457e-01,6.675243640272656709e-01,1.166578120166092108e-25
6.354886378401151947e-02,1.090239890322743932e+00,2.962559271795087712e-01,6.675326050959310420e-01,1.309696027899211300e-25
6.622823202318163516e-02,1.092184817419361131e+00,2.962774329122666583e-01,6.675411604343088889e-01,3.336735340367229906e-25
6.912641195896422619e-02,1.094274810760138994e+00,2.963003411043461655e-01,6.675500249211741011e-01,3.109773100592246533e-25
7.226352098943461533e-02,1.096522599201390280e+00,2.963247484652439256e-01,6.675591853389881702e-01,1.407734188227665771e-25
7.566028804861667234e-02,1.098941124783229917e+00,2.963507463571439238e-01,6.675686180140102399e-01,2.089322902050756876e-25
7.933738234915066467e-02,1.101543062568320686e+00,2.963784149817462743e-01,6.675782862352596103e-01,5.695039013030038697e-25
8.331447346882667193e-02,1.104340165925909334e+00,2.964078160892392177e-01,6.675881376917079946e-01,7.517655570739942721e-25
8.760902525529061513e-02,1.107342445419255528e+00,2.964389845395171141e-01,6.675981023264029313e-01,6.127662807461646439e-25
9.223489003744003711e-02,1.110557233649217768e+00,2.964719195242263572e-01,6.676080911618064162e-01,2.089265763349112023e-24
9.720085564894030694e-02,1.113988245644272457e+00,2.965065767980077927e-01,6.676179967291631101e-01,6.775678485516557201e-25
1.025093823536653154e-01,1.117634797839869965e+00,2.965428636624589109e-01,6.676276956396742790e-01,2.604218922947444187e-24
1.081558084726774865e-01,1.121491370258447029e+00,2.965806384113739980e-01,6.676370534959708003e-01,2.012095999500512324e-24
1.141282597859799020e-01,1.125547659033282466e+00,2.966197152688314631e-01,6.676459317896321632e-01,1.906860192083710869e-24
1.204083564256131916e-01,1.129789164891773945e+00,2.966598746032177991e-01,6.676541958403855448e-01,6.449212634630050226e-25
1.269726136159252949e-01,1.134198228998500202e+00,2.967008768173162725e-01,6.676617224681705709e-01,5.191940135639885220e-25
1.337942615103129840e-01,1.138755317238206111e+00,2.967424774035699042e-01,6.676684061424322802e-01,2.874321546499066841e-24
1.408451376807788036e-01,1.143440314785950873e+00,2.967844406060579643e-01,6.676741628050546495e-01,6.201813611411227932e-25
1.480973510628046663e-01,1.148233632427072548e+00,2.968265498722197360e-01,6.676789311941961902e-01,8.347684277232318713e-25
1.555245368922027194e-01,1.153117013245301248e+00,2.968686143690531520e-01,6.676826720376081159e-01,1.542390512533825230e-25
1.631026545853526966e-01,1.158074018968274554e+00,2.969104718020321165e-01,6.676853657757165772e-01,1.836697411854816649e-25
1.708103780001122007e-01,1.163090239113486080e+00,2.969519883465079335e-01,6.676870095107333425e-01,1.128704990516795876e-25
1.786291754830649225e-01,1.168153295136321157e+00,2.969930566701801666e-01,6.676876137490048713e-01,7.974252105255770659e-26
1.865431846164319618e-01,1.173252713645678513e+00,2.970335929231902039e-01,6.676871993155488738e-01,1.065508028645044455e-25
1.945389709612678208e-01,1.178379729846505963e+00,2.970735333520601595e-01,6.676857946452204873e-01,1.202901275745175444e-25
2.026052363563471959e-01,1.183527064930982142e+00,2.971128309629897934e-01,6.676834335259085318e-01,2.422705053906962335e-26
2.107325195463606027e-01,1.188688705099153475e+00,2.971514524715105909e-01,6.676801532887536306e-01,1.004208325484718177e-25
2.189129139207378061e-01,1.193859697571236556e+00,2.971893756432659184e-01,6.676759933985577655e-01,4.461067644085104778e-26
2.271398145757742570e-01,1.199035970557938979e+00,2.972265870480975680e-01,6.676709943814603809e-01,7.092999398375611788e-26
2.354076989358182825e-01,1.204214178969172711e+00,2.972630802039961107e-01,6.676651970257700963e-01,2.604765793618211044e-26
2.437119405568036190e-01,1.209391574750283471e+00,2.972988540662317436e-01,6.676586417980372445e-01,1.102965554816773806e-25
2.520486533644899496e-01,1.214565899338183153e+00,2.973339118103117684e-01,6.676513684254402614e-01,4.485663823765715355e-26
2.604145625930368024e-01,1.219735295233075334e+00,2.973682598587614745e-01,6.676434156048222102e-01,9.762772194143927833e-26
2.688068984965508723e-01,1.224898233684148297e+00,2.974019071067829922e-01,6.676348208070981283e-01,2.178016601836744540e-26
2.772233091286231965e-01,1.230053455738334023e+00,2.974348643083110644e-01,6.676256201528047995e-01,7.927614185578466357e-26
2.856617888942433181e-01,1.235199924251783932e+00,2.974671435904377437e-01,6.676158483402683252e-01,9.768457832254809937e-27
2.941206200449579256e-01,1.240336784832369199e+00,2.974987580700835799e-01,6.676055386123519453e-01,6.303432080401478047e-26
3.025983247431376921e-01,1.245463334027098634e+00,2.975297215518788452e-01,6.675947227512051274e-01,1.120222955503926859e-26
3.110936257324931620e-01,1.250578993373138381e+00,2.975600482904280364e-01,6.675834310930900406e-01,7.860436330999155635e-27
3.196054140078090633e-01,1.255683288190380553e+00,2.975897528036151041e-01,6.675716925573600413e-01,2.297694707470546923e-27
3.281327221764546720e-01,1.260775830208968440e+00,2.976188497263560495e-01,6.675595346851800338e-01,1.553481089887072884e-27
3.366747024520389542e-01,1.265856303301586827e+00,2.976473536964300837e-01,6.675469836847170990e-01,1.060908798419695089e-27
3.452306084231817063e-01,1.270924451733318028e+00,2.976752792657802460e-01,6.675340644803746670e-01,1.353051970083670713e-28
3.537997799047638559e-01,1.275980070457007454e+00,2.977026408320389561e-01,6.675208007642933206e-01,1.592824560900354287e-27
3.623816303117504134e-01,1.281022997074473091e+00,2.977294525861397534e-01,6.675072150488090550e-01,2.699806441252985264e-28
3.709756361025520199e-01,1.286053105157821896e+00,2.977557284727375686e-01,6.674933287189193098e-01,7.409350112530554701e-28
3.795813279248179684e-01,1.291070298684266815e+00,2.977814821608141260e-01,6.674791620840910822e-01,1.534216106123369664e-28
3.881982831656167199e-01,1.296074507385125862e+00,2.978067270224052376e-01,6.674647344289131867e-01,1.452611875446920907e-28
3.968261196635007315e-01,1.301065682847533544e+00,2.978314761177938697e-01,6.674500640622799130e-01,4.506597679502701566e-28
4.054644903846655324e-01,1.306043795237721739e+00,2.978557421858398779e-01,6.674351683648782618e-01,7.041190736810107257e-29
4.141130789014605962e-01,1.311008830539087233e+00,2.978795376384016369e-01,6.674200638348471992e-01,2.081137374837509694e-28
4.227715955406400328e-01,1.315960788217846789e+00,2.979028745579809789e-01,6.674047661315497537e-01,4.340126171831897167e-29
4.314397740923067159e-01,1.320899679244891489e+00,2.979257646979451835e-01,6.673892901173895664e-01,2.126192624180706223e-28
4.401173689896550334e-01,1.325825524415198631e+00,2.979482194847302146e-01,6.673736498977373977e-01,7.918646659558335125e-29
4.488041528851608453e-01,1.330738352916541967e+00,2.979702500216374617e-01,6.673578588589305083e-01,1.034564068994619270e-28
4.574999145615852858e-01,1.335638201107610668e+00,2.979918670938197511e-01,6.673419297044499432e-01,1.144937163762616963e-28
4.662044571265213100e-01,1.340525111472538056e+00,2.980130811742091601e-01,6.673258744892840433e-01,8.914723719742502763e-29
4.749175964477425627e-01,1.345399131724404507e+00,2.980339024301220108e-01,6.673097046525823250e-01,4.618154615342801841e-29
4.836391597936017250e-01,1.350260314034893883e+00,2.980543407303823944e-01,6.672934310486343668e-01,6.686779590834001556e-29
4.923689846485045374e-01,1.355108714371029643e+00,2.980744056528001340e-01,6.672770639762686251e-01,5.711071996420535177e-29
5.011069176782594337e-01,1.359944391923029627e+00,2.980941064918740668e-01,6.672606132067360196e-01,3.983634860069101452e-29
5.098528138240521201e-01,1.364767408609877108e+00,2.981134522666366582e-01,6.672440880101637717e-01,3.768818058192868216e-29
5.186065355070827998e-01,1.369577828651345808e+00,2.981324517285669495e-01,6.672274971806069210e-01,9.227177744379191259e-30
5.273679519286552653e-01,1.374375718196946261e+00,2.981511133694850213e-01,6.672108490598267494e-01,6.273544528921133369e-29
5.361369384527810977e-01,1.379161145003761968e+00,2.981694454294023244e-01,6.671941515598207584e-01,2.719125252541006779e-29
5.449133760602943299e-01,1.383934178156349004e+00,2.981874559042743122e-01,6.671774121841881344e-01,2.065599628129166757e-29
5.536971508650707641e-01,1.388694887822908841e+00,2.982051525536349446e-01,6.671606380483823262e-01,4.799260092357655125e-29
5.624881536843139296e-01,1.393443345042793879e+00,2.982225429080828105e-01,6.671438358989109085e-01,3.939592683504531894e-30
5.712862796560015388e-01,1.398179621541145501e+00,2.982396342766130415e-01,6.671270121315285850e-01,3.214839696825243806e-29
5.800914278975796146e-01,1.402903789567030435e+00,2.982564337537449428e-01,6.671101728085393479e-01,2.621389632814599701e-29
5.889035012007725056e-01,1.407615921752031207e+00,2.982729482264912524e-01,6.670933236751529494e-01,1.868641732238211603e-29
5.977224057581123073e-01,1.412316090986610151e+00,2.982891843811267818e-01,6.670764701750181436e-01,2.635751896536745568e-29
6.065480509173741819e-01,1.417004370311960804e+00,2.983051487097473919e-01,6.670596174649837673e-01,1.780672537622147668e-29
6.153803489605961241e-01,1.421680832825403584e+00,2.983208475166507778e-01,6.670427704290661231e-01,8.722484168182270996e-30
6.242192149048231276e-01,1.426345551597598016e+00,2.983362869245014259e-01,6.670259336917381265e-01,2.487796848428341079e-29
6.330645663220615393e-01,1.430998599600123322e+00,2.983514728803136618e-01,6.670091116305124634e-01,3.160530562995286609e-29
6.419163231762778921e-01,1.435640049642124216e+00,2.983664111612200354e-01,6.669923083879342185e-01,2.112983620725550653e-29
6.507744076755143103e-01,1.440269974314949852e+00,2.983811073800684555e-01,6.669755278829139211e-01,1.321018261896785400e-29
6.596387441374746974e-01,1.444888445943785182e+00,2.983955669908135988e-01,6.669587738215397854e-01,4.837907869897137053e-30
6.685092588670968894e-01,1.449495536545466479e+00,2.984097952937379006e-01,6.669420497073043075e-01,1.108057725186463920e-29
6.773858800448463446e-01,1.454091317791715854e+00,2.984237974404783666e-01,6.669253588508744501e-01,1.598035383252183484e-29
6.862685376245800661e-01,1.458675860977187932e+00,2.984375784388891284e-01,6.669087043793248126e-01,1.396761932716822997e-29
6.951571632399883294e-01,1.463249236991756685e+00,2.984511431577427376e-01,6.668920892449108351e-01,4.334021208298479353e-30
7.040516901187569010e-01,1.467811516296509744e+00,2.984644963312313437e-01,6.668755162334856212e-01,1.303398204225686398e-29
7.129520530036179693e-01,1.472362768903115349e+00,2.984776425633648977e-01,6.668589879723638703e-01,9.475879256349105665e-30
7.218581880800973849e-01,1.476903064353181083e+00,2.984905863417844918e-01,6.668425069177512654e-01,1.312211882917445735e-24
7.307700329077376766e-01,1.481432471714669186e+00,2.985033320028399606e-01,6.668260754431785120e-01,6.200796335688840177e-25
7.396875263606177420e-01,1.485951059551612774e+00,2.985158837946940147e-01,6.668096957238245359e-01,4.805569890222577238e-24
7.486106085682610045e-01,1.490458895925056870e+00,2.985282458411679940e-01,6.667933698250766428e-01,7.703957870211111311e-24
7.575392208628340951e-01,1.494956048381050229e+00,2.985404221554437409e-01,6.667770996882624868e-01,2.324874900035798231e-24
7.664733057295547436e-01,1.499442583943491725e+00,2.985524166437240612e-01,6.667608871360729550e-01,2.488997107934684170e-24
7.754128067608048180e-01,1.503918569107868253e+00,2.985642331084015777e-01,6.667447338788692335e-01,5.360502488259314692e-24
7.843576686130546705e-01,1.508384069836869568e+00,2.985758752515177972e-01,6.667286415194140226e-01,1.504662564377583505e-24
7.933078369668683516e-01,1.512839151556667261e+00,2.985873466777903551e-01,6.667126115583478230e-01,1.674165144533536596e-24
8.022632584893587548e-01,1.517283879154484705e+00,2.985986508977279685e-01,6.666966453988052432e-01,1.577691233426515620e-24
8.112238807991021261e-01,1.521718316976887087e+00,2.986097913305127971e-01,6.666807443511709730e-01,3.565214336177011116e-24
8.201896524331370175e-01,1.526142528829039779e+00,2.986207713069017888e-01,6.666649096372480043e-01,1.778691951870403172e-24
8.291605228161142982e-01,1.530556577974348187e+00,2.986315940718245465e-01,6.666491423948806005e-01,1.946969019893531869e-24
8.381364422310600970e-01,1.534960527135151187e+00,2.986422627871488378e-01,6.666334436814989051e-01,1.423910176483487246e-24
8.471173617919635079e-01,1.539354438493681254e+00,2.986527805341765429e-01,6.666178144780717796e-01,3.547684568873661747e-24
8.561032334179338177e-01,1.543738373693464894e+00,2.986631503160325218e-01,6.666022556929689369e-01,3.896714392893251143e-24
8.650940098085777574e-01,1.548112393841574175e+00,2.986733750601864301e-01,6.665867681648356413e-01,6.559613126651848648e-25
8.740896444210307648e-01,1.552476559510577392e+00,2.986834576205358860e-01,6.665713526666523503e-01,1.909540674256674663e-24
8.830900914478293506e-01,1.556830930741589070e+00,2.986934007798007218e-01,6.665560099081543344e-01,2.075613499559109185e-25
8.920953057962395238e-01,1.561175567046944490e+00,2.987032072515048431e-01,6.665407405394174756e-01,1.074160026640870925e-24
9.011052430683667014e-01,1.565510527413672026e+00,2.987128796821392207e-01,6.665255451532706710e-01,3.981064841063871551e-25
9.101198595424055959e-01,1.569835870306841352e+00,2.987224206530952886e-01,6.665104242882614605e-01,7.682474615284935731e-25
9.191391121547358711e-01,1.574151653673222961e+00,2.987318326825747494e-01,6.664953784312755980e-01,6.981357343755280894e-25
9.281629584827485457e-01,1.578457934945339813e+00,2.987411182275364618e-01,6.664804080196459202e-01,6.676697471920142570e-25
9.371913567287358804e-01,1.582754771045081554e+00,2.987502796853134801e-01,6.664655134442299955e-01,7.832783521281348713e-25
9.462242657041077809e-01,1.587042218388279746e+00,2.987593193955407900e-01,6.664506950508537475e-01,5.345129343742888208e-25
9.552616448146989958e-01,1.591320332888536804e+00,2.987682396416503350e-01,6.664359531432216821e-01,6.978502502813718946e-25
9.643034540463105708e-01,1.595589169961983744e+00,2.987770426526635825e-01,6.664212879842159598e-01,2.473596126284735055e-24
9.733496539512710433e-01,1.599848784531227031e+00,2.987857306045569317e-01,6.664066997987067031e-01,1.747863454817223222e-24
9.824002056351112122e-01,1.604099231030286843e+00,2.987943056219665716e-01,6.663921887746138140e-01,1.259162582316090753e-24
9.914550707441029953e-01,1.608340563408874990e+00,2.988027697795347937e-01,6.663777550651621695e-01,3.250872811512138699e-25
1.000514211453121138e+00,1.612572835137064731e+00,2.988111251033662152e-01,6.663633987904341582e-01,1.024330815050194713e-24
1.009577590454116436e+00,1.616796099209673709e+00,2.988193735722992073e-01,6.663491200393962810e-01,1.701973598101587123e-24
1.018645170944670442e+00,1.621010408151423388e+00,2.988275171194350044e-01,6.663349188705602888e-01,1.602404088518733853e-24
1.027716916617494425e+00,1.625215814020973371e+00,2.988355576331777619e-01,6.663207953145353635e-01,1.050243980134707774e-24
1.036792791649813195e+00,1.629412368416032209e+00,2.988434969586428736e-01,6.663067493746799297e-01,1.586277521582435282e-24
1.045872760693397074e+00,1.633600122477867567e+00,2.988513368987978924e-01,6.662927810287264663e-01,4.415605904394574352e-25
1.054956788864877426e+00,1.637779126895942294e+00,2.988590792156124998e-01,6.662788902301203242e-01,2.781276865356034019e-25
1.064044841736355496e+00,1.641949431912612889e+00,2.988667256311932641e-01,6.662650769091806868e-01,4.282771328212832563e-25
1.073136885326348100e+00,1.646111087327756239e+00,2.988742778288757118e-01,6.662513409743099357e-01,1.485982886435737362e-24
1.082232886091040625e+00,1.650264142503349740e+00,2.988817374542527272e-01,6.662376823131909154e-01,1.282514046629932249e-24
1.091332810915800255e+00,1.654408646368065394e+00,2.988891061161973450e-01,6.662241007938782822e-01,6.217883157162617602e-25
1.100436627106808896e+00,1.658544647422161233e+00,2.988963853879518240e-01,6.662105962653294133e-01,1.611799968030616488e-24
1.109544302383357772e+00,1.662672193741450588e+00,2.989035768078914246e-01,6.661971685593248704e-01,1.059134119793799684e-24
1.118655804869850279e+00,1.666791332982398899e+00,2.989106818806392951e-01,6.661838174904890497e-01,2.441423921937106211e-24
1.127771103088540672e+00,1.670902112386081440e+00,2.989177020777972205e-01,6.661705428580376731e-01,1.161503349160175662e-25
1.136890165952001208e+00,1.675004578783180653e+00,2.989246388389807385e-01,6.661573444457793425e-01,1.478856177803131705e-24
1.146012962756281395e+00,1.679098778597881925e+00,2.989314935725077560e-01,6.661442220237649980e-01,3.953863942698593632e-25
1.155139463173713299e+00,1.683184757852951963e+00,2.989382676564159569e-01,6.661311753479907116e-01,7.234586893354246555e-26
1.164269637246634792e+00,1.687262562173170943e+00,2.989449624389930449e-01,6.661182041625647310e-01,1.131875123627012374e-25
1.173403455380582772e+00,1.691332236790296983e+00,2.989515792397329230e-01,6.661053081994019465e-01,2.111151079276388969e-25
1.182540888337966667e+00,1.695393826547318294e+00,2.989581193500819301e-01,6.660924871789363211e-01,7.090056134752355849e-25
1.191681907232033044e+00,1.699447375902382262e+00,2.989645840340712790e-01,6.660797408112257845e-01,4.062475172451839730e-25
1.200826483520901267e+00,1.703492928932879513e+00,2.989709745290005105e-01,6.660670687967186199e-01,1.596410378662776804e-25
1.209974589001376444e+00,1.707530529340334224e+00,2.989772920463164008e-01,6.660544708257258861e-01,4.189533784563973354e-25
1.219126195803705626e+00,1.711560220453462344e+00,2.989835377719913256e-01,6.660419465805468286e-01,1.259681248480120906e-25
1.228281276385612797e+00,1.715582045233126962e+00,2.989897128674161575e-01,6.660294957346685196e-01,8.273495904968529008e-26
1.237439803527133675e+00,1.719596046275758017e+00,2.989958184698481292e-01,6.660171179541629627e-01,2.178423893690827367e-25
1.246601750325263103e+00,1.723602265817442358e+00,2.990018556930660321e-01,6.660048128979939586e-01,4.113293520047266069e-25
1.255767090188647295e+00,1.727600745738163912e+00,2.990078256280262470e-01,6.659925802180323151e-01,6.798710346788111119e-26
1.264935796832671544e+00,1.731591527565371491e+00,2.990137293433542953e-01,6.659804195599599019e-01,1.206793453531207201e-24
1.274107844274532164e+00,1.735574652477810176e+00,2.990195678858982853e-01,6.659683305637045247e-01,6.175526762534074047e-25
1.283283206828415235e+00,1.739550161309320941e+00,2.990253422812731432e-01,6.659563128638366081e-01,2.356532644061599375e-25
1.292461859100617172e+00,1.743518094552981790e+00,2.990310535344655185e-01,6.659443660894017736e-01,6.252327413678491236e-25
1.301643775985305229e+00,1.747478492363984115e+00,2.990367026301525843e-01,6.659324898654707114e-01,5.174900462031486249e-25
1.310828932659662049e+00,1.751431394564107125e+00,2.990422905333843806e-01,6.659206838123387096e-01,1.628251312413443357e-25
1.320017304579609085e+00,1.755376840645053838e+00,2.990478181899932641e-01,6.659089475462711682e-01,1.360377187386714645e-26
1.329208867475574651e+00,1.759314869771855916e+00,2.990532865270250640e-01,6.658972806800612654e-01,4.578379399940626067e-25
1.338403597348307050e+00,1.763245520786345777e+00,2.990586964531687375e-01,6.658856828234150926e-01,9.092377643266929395e-25
1.347601470464494744e+00,1.767168832211244878e+00,2.990640488593399593e-01,6.658741535824247437e-01,1.137939535200383253e-25
1.356802463353128818e+00,1.771084842252685476e+00,2.990693446188977256e-01,6.658626925611177416e-01,5.677097917256046313e-25
1.366006552801143359e+00,1.774993588804566036e+00,2.990745845882687437e-01,6.658512993604244201e-01,5.065717030207817078e-25
1.375213715849883833e+00,1.778895109451130052e+00,2.990797696071777478e-01,6.658399735795028640e-01,3.268311369673910770e-25
1.384423929791105179e+00,1.782789441470779890e+00,2.990849004991517623e-01,6.658287148153151369e-01,8.327384391793786894e-25
1.393637172163456617e+00,1.786676621838897416e+00,2.990899780717982126e-01,6.658175226634748256e-01,6.102027171369301790e-25
1.402853420748512159e+00,1.790556687231864563e+00,2.990950031173437718e-01,6.658063967174278064e-01,8.002341932527502260e-25
1.412072653567566283e+00,1.794429674029413224e+00,2.990999764128118854e-01,6.657953365698000558e-01,5.016482141761785290e-25
1.421294848878032591e+00,1.798295618318037414e+00,2.991048987204378284e-01,6.657843418122572077e-01,6.977785737324716489e-25
1.430519985169902863e+00,1.802154555894388777e+00,2.991097707880533974e-01,6.657734120353346885e-01,1.969810615488934713e-25
1.439748041162460357e+00,1.806006522268186698e+00,2.991145933493913334e-01,6.657625468288513870e-01,3.016988015183372849e-25
1.448978995800963343e+00,1.809851552665316499e+00,2.991193671244160579e-01,6.657517457820112394e-01,7.312049678884056224e-26
1.458212828253594440e+00,1.813689682030407369e+00,2.991240928195604276e-01,6.657410084841247633e-01,5.971069630443013272e-25
1.467449517907974510e+00,1.817520945030554724e+00,2.991287711281709338e-01,6.657303345237881587e-01,4.645708675521644951e-25
1.476689044368448167e+00,1.821345376057309506e+00,2.991334027306294385e-01,6.657197234902457739e-01,4.476505164076821016e-26
1.485931387452442909e+00,1.825163009230987843e+00,2.991379882949098956e-01,6.657091749717247708e-01,5.349415245252521750e-25
1.495176527188245341e+00,1.828973878401676911e+00,2.991425284765134585e-01,6.656986885579312396e-01,2.594680998757898643e-25
1.504424443811412049e+00,1.832778017153624983e+00,2.991470239190400782e-01,6.656882638381859119e-01,3.281119691382124887e-25
1.513675117762242284e+00,1.836575458807167438e+00,2.991514752542884792e-01,6.656779004026387447e-01,8.524032554406923486e-26
1.522928529682704202e+00,1.840366236422064095e+00,2.991558831026275289e-01,6.656675978416500827e-01,1.305140687809270883e-25
1.532184660414063204e+00,1.844150382799226051e+00,2.991602480730779501e-01,6.656573557471398006e-01,4.368509437209014656e-25
1.541443490993574583e+00,1.847927930484800418e+00,2.991645707638005414e-01,6.656471737109456166e-01,1.781426591821139342e-25
1.550705002652243536e+00,1.851698911771749279e+00,2.991688517621525212e-01,6.656370513262594990e-01,2.301412262976486293e-25
1.559969176812146419e+00,1.855463358702573284e+00,2.991730916449406030e-01,6.656269881875824801e-01,6.618163197503393083e-25
1.569235995083525070e+00,1.859221303072678744e+00,2.991772909787848711e-01,6.656169838898579050e-01,2.861374665888111138e-25
1.578505439262769761e+00,1.862972776431641275e+00,2.991814503201214448e-01,6.656070380301298828e-01,2.737718519866141000e-25
1.587777491329251944e+00,1.866717810087376028e+00,2.991855702156984709e-01,6.655971502056191591e-01,1.577101820259050247e-25
1.597052133443839006e+00,1.870456435106241599e+00,2.991896512023936028e-01,6.655873200166850800e-01,1.283982446875397869e-25
1.606329347945131270e+00,1.874188682318829180e+00,2.991936938079610697e-01,6.655775470628770840e-01,1.164440364032076982e-25
1.615609117348433044e+00,1.877914582319083259e+00,2.991976985507001086e-01,6.655678309469893472e-01,7.509392477281634998e-26
1.624891424342699953e+00,1.881634165468484943e+00,2.992016659399447387e-01,6.655581712729714550e-01,3.519527632789239139e-25
1.634176251788208356e+00,1.885347461898523314e+00,2.992055964762579956e-01,6.655485676458762212e-01,3.988632655374207361e-25
1.643463582714758786e+00,1.889054501511905126e+00,2.992094906514489172e-01,6.655390196732526853e-01,3.466003754567073597e-25
1.652753400319038946e+00,1.892755313985920118e+00,2.992133489489211540e-01,6.655295269639525113e-01,1.524898890473652869e-25
1.662045687962487417e+00,1.896449928774622817e+00,2.992171718438275119e-01,6.655200891283015174e-01,1.530246087060470156e-25
1.671340429169632325e+00,1.900138375109889699e+00,2.992209598030695084e-01,6.655107057795442982e-01,3.914228905376262713e-25
1.680637607625226959e+00,1.903820682005548992e+00,2.992247132857450698e-01,6.655013765316654117e-01,2.847189132371289213e-25
1.689937207172913958e+00,1.907496878257737505e+00,2.992284327430458357e-01,6.654921010015748539e-01,2.643607710758890407e-25
1.699239211812467953e+00,1.911166992448885438e+00,2.992321186186785442e-01,6.654828788070461520e-01,4.771664728895099185e-25
1.708543605698671142e+00,1.914831052947650658e+00,2.992357713487074911e-01,6.654737095693016302e-01,4.278493125939848664e-26
1.717850373138354980e+00,1.918489087913532787e+00,2.992393913620590706e-01,6.654645929101777879e-01,6.005110499988351808e-25
1.727159498589375008e+00,1.922141125296655151e+00,2.992429790803484146e-01,6.654555284548031580e-01,3.551166948500413325e-25
1.736470966658030690e+00,1.925787192841539319e+00,2.992465349182651391e-01,6.654465158296769545e-01,3.094374101520695318e-25
1.745784762097590814e+00,1.929427318088129395e+00,2.992500592835692919e-01,6.654375546638554573e-01,8.027370037150658076e-26
1.755100869806126562e+00,1.933061528374623750e+00,2.992535525773460381e-01,6.654286445880559508e-01,1.882505137929561696e-25
1.764419274825081985e+00,1.936689850838480664e+00,2.992570151940064926e-01,6.654197852357904841e-01,1.802924186637917892e-25
1.773739962337130827e+00,1.940312312419296914e+00,2.992604475215435156e-01,6.654109762423652263e-01,2.154754638474025065e-26
1.783062917664604008e+00,1.943928939860268823e+00,2.992638499415913311e-01,6.654022172454416850e-01,1.391859763871151160e-25
1.792388126267740356e+00,1.947539759710162022e+00,2.992672228295688019e-01,6.653935078850001794e-01,1.896867604002692312e-25
1.801715573742948440e+00,1.951144798325291418e+00,2.992705665548008320e-01,6.653848478032633462e-01,5.974559951626356097e-26
1.811045245821289562e+00,1.954744081870982475e+00,2.992738814805981917e-01,6.653762366451650978e-01,1.607836744462647472e-25
1.820377128366351904e+00,1.958337636324643416e+00,2.992771679645198080e-01,6.653676740570250159e-01,4.239030757060004295e-25
1.829711207373079684e+00,1.961925487476421592e+00,2.992804263583451752e-01,6.653591596878533077e-01,1.244624368238419778e-25
1.839047468966259258e+00,1.965507660930781775e+00,2.992836570081576220e-01,6.653506931896026044e-01,5.510280953522847663e-26
1.848385899398337306e+00,1.969084182109860803e+00,2.992868602546434609e-01,6.653422742154747604e-01,1.865953061124578876e-25
1.857726485048458498e+00,1.972655076253701845e+00,2.992900364330177143e-01,6.653339024215941810e-01,1.744260176477845608e-26
1.867069212420946034e+00,1.976220368421969242e+00,2.992931858731228134e-01,6.653255774670351341e-01,1.041908368192194498e-25
1.876414068143323233e+00,1.979780083496902821e+00,2.992963088996780652e-01,6.653172990125040265e-01,1.677612685422972551e-25
1.885761038964948400e+00,1.983334246184717209e+00,2.992994058323441564e-01,6.653090667206802422e-01,1.098750166645840294e-25
1.895110111755790916e+00,1.986882881016663882e+00,2.993024769857455802e-01,6.653008802568834978e-01,1.228466655585050788e-25
1.904461273505140939e+00,1.990426012350301921e+00,2.993055226695226501e-01,6.652927392894852909e-01,1.732959802012727567e-26
1.913814511319668066e+00,1.993963664372516487e+00,2.993085431885830205e-01,6.652846434884540638e-01,5.959778999717194300e-26
1.923169812422597991e+00,1.997495861099637171e+00,2.993115388430239165e-01,6.652765925269452651e-01,7.280041760868128913e-26
1.932527164151548682e+00,2.001022626381119274e+00,2.993145099284483246e-01,6.652685860791212047e-01,4.622013249307773695e-25
1.941886553958100947e+00,2.004543983898687376e+00,2.993174567357898552e-01,6.652606238227130042e-01,6.152716877065506950e-26
1.951247969405727423e+00,2.008059957169847642e+00,2.993203795516015120e-01,6.652527054369853365e-01,7.248772770001467599e-26
1.960611398169162412e+00,2.011570569547621368e+00,2.993232786579452798e-01,6.652448306046200299e-01,4.879402455018852565e-26
1.969976828032293792e+00,2.015075844224226920e+00,2.993261543327148666e-01,6.652369990094838537e-01,7.483579270293859624e-26
1.979344246887693171e+00,2.018575804230450910e+00,2.993290068494701139e-01,6.652292103388426359e-01,4.164648523720570116e-26
1.988713642734308618e+00,2.022070472439934097e+00,2.993318364778274066e-01,6.652214642804852307e-01,1.006095354724485693e-25
1.998085003677813498e+00,2.025559871566412262e+00,2.993346434830727598e-01,6.652137605270689313e-01,4.768452583009638596e-26
2.007458317927752756e+00,2.029044024169529337e+00,2.993374281267059400e-01,6.652060987716508222e-01,2.233935810381242305e-25
2.016833573797529588e+00,2.032522952653098791e+00,2.993401906661769529e-01,6.651984787109382902e-01,2.080817033052826568e-25
2.026210759702064212e+00,2.035996679269619136e+00,2.993429313552766202e-01,6.651909000421430962e-01,1.394881181408962081e-25
2.035589864158052098e+00,2.039465226117852303e+00,2.993456504438101184e-01,6.651833624668609390e-01,1.493857411724894481e-25
2.044970875781550568e+00,2.042928615147604265e+00,2.993483481780173094e-01,6.651758656876372022e-01,1.720272462860334001e-26
2.054353783287418356e+00,2.046386868159547845e+00,2.993510248004763730e-01,6.651684094095348110e-01,1.687724337408966773e-25
2.063738575488243132e+00,2.049840006806457282e+00,2.993536805501574860e-01,6.651609933402525821e-01,1.722844878069875580e-25
2.073125241293174881e+00,2.053288052594716362e+00,2.993563156625069221e-01,6.651536171899512517e-01,6.273637320897524873e-26
2.082513769706325402e+00,2.056731026887035796e+00,2.993589303696401749e-01,6.651462806698716923e-01,2.836343374827964247e-26
2.091904149826819381e+00,2.060168950900718610e+00,2.993615249001104761e-01,6.651389834953551627e-01,3.660226641854674360e-26
2.101296370846309269e+00,2.063601845712831118e+00,2.993640994793412280e-01,6.651317253820026032e-01,2.597078236658327142e-26
2.110690422049083637e+00,2.067029732258357733e+00,2.993666543293812543e-01,6.651245060487642746e-01,1.958880615220085374e-26
2.120086292810613227e+00,2.070452631332623916e+00,2.993691896690762744e-01,6.651173252167907890e-01,6.229729211936010781e-26
2.129483972596464270e+00,2.073870563592750127e+00,2.993717057141438986e-01,6.651101826092328251e-01,5.271423412047412387e-26
2.138883450961393873e+00,2.077283549558631037e+00,2.993742026772008291e-01,6.651030779514919278e-01,9.261324604846697592e-27
2.148284717548245570e+00,2.080691609614483628e+00,2.993766807678468478e-01,6.650960109709029844e-01,4.722797160843751287e-26
2.157687762087361349e+00,2.084094764009002620e+00,2.993791401926223505e-01,6.650889813977475251e-01,1.184633783962954057e-26
2.167092574394699156e+00,2.087493032859100150e+00,2.993815811552916761e-01,6.650819889627979098e-01,1.903696518033316573e-26
2.176499144372487482e+00,2.090886436146676797e+00,2.993840038564896111e-01,6.650750334015614884e-01,1.315513163386254079e-26
2.185907462006181579e+00,2.094274993725619982e+00,2.993864084943018700e-01,6.650681144486716434e-01,1.874474560260107359e-26
2.195317517365680704e+00,2.097658725317053996e+00,2.993887952637753758e-01,6.650612318435510373e-01,1.009341333777014458e-25
2.204729300602888742e+00,2.101037650514720578e+00,2.993911643573518577e-01,6.650543853263460869e-01,6.463070019859096615e-26
2.214142801951160866e+00,2.104411788785169879e+00,2.993935159648274946e-01,6.650475746388311293e-01,1.434508428275403556e-25
2.223558011725293326e+00,2.107781159466448173e+00,2.993958502731803306e-01,6.650407995267034744e-01,1.590714084407756637e-26
2.232974920319142242e+00,2.111145781773408725e+00,2.993981674669905502e-01,6.650340597355963723e-01,1.915912125495437818e-25
2.242393518206222680e+00,2.114505674794740386e+00,2.994004677281175697e-01,6.650273550149155000e-01,7.634051800633072721e-26
2.251813795937524176e+00,2.117860857497782412e+00,2.994027512360815102e-01,6.650206851143194431e-01,1.593205706423952007e-25
2.261235744142038762e+00,2.121211348725777324e+00,2.994050181677633815e-01,6.650140497872966128e-01,7.159527466400602648e-26
2.270659353524926871e+00,2.124557167201753138e+00,2.994072686976935183e-01,6.650074487885101471e-01,5.457424533643283154e-27
2.280084614867407655e+00,2.127898331527591669e+00,2.994095029979256806e-01,6.650008818756346640e-01,2.119749452653723607e-26
2.289511519024558073e+00,2.131234860188993885e+00,2.994117212384008186e-01,6.649943488057057372e-01,1.300824870842701434e-26
2.298940056926289000e+00,2.134566771551529296e+00,2.994139235865722060e-01,6.649878493397339829e-01,9.340973908744520326e-26
2.308370219576044491e+00,2.137894083863097983e+00,2.994161102075649228e-01,6.649813832413383752e-01,4.808429646214914542e-26
2.317801998049179968e+00,2.141216815257337647e+00,2.994182812644128888e-01,6.649749502745264662e-01,3.432417882298996260e-26
2.327235383492941345e+00,2.144534983752515167e+00,2.994204369179180314e-01,6.649685502056282838e-01,1.327101855533284516e-25
2.336670367125782466e+00,2.147848607252316633e+00,2.994225773266739332e-01,6.649621828034570914e-01,4.035187825029744621e-26
2.346106940236287297e+00,2.151157703547757372e+00,2.994247026471749118e-01,6.649558478384400839e-01,2.185472434747921779e-26
2.355545094182184052e+00,2.154462290318870377e+00,2.994268130339083900e-01,6.649495450819549180e-01,9.759251878011786318e-26
2.364984820390521492e+00,2.157762385133096039e+00,2.994289086391885291e-01,6.649432743086485242e-01,6.149569187890946687e-26
2.374426110356231856e+00,2.161058005448272645e+00,2.994309896133438564e-01,6.649370352945603857e-01,1.263110225175174834e-25
2.383868955641332388e+00,2.164349168613838525e+00,2.994330561047778838e-01,6.649308278168784003e-01,5.707240965869312807e-26
2.393313347875156261e+00,2.167635891869102771e+00,2.994351082597939695e-01,6.649246516563135367e-01,8.879590780027912305e-27
2.402759278752188976e+00,2.170918192348379794e+00,2.994371462229468706e-01,6.649185065932922134e-01,9.464071420609242185e-26
2.412206740032482255e+00,2.174196087078764439e+00,2.994391701368360748e-01,6.649123924107637196e-01,5.938964952169604882e-27
